# Author(s); Coelho J.,  Vanhoucke M.;;;;;;;;;;;;;;;;;;;;;;;;;;;;;;;;;;;;;;;;;;;;;;;;;;;;;;;;;;;;;;;;
# Reference; Coelho J., Vanhoucke M. 2011. 'Multi-mode resource-constrained project scheduling using RCPSP and SAT solvers', European Journal of Operational Research 213, 1: 73 - 82.;;;;;;;;;;;;;;;;;;;;;;;;;;;;;;;;;;;;;;;;;;;;;;;;;;;;;;;;;;;;;;;;
# Date; 2011/01/01;;;;;;;;;;;;;;;;;;;;;;;;;;;;;;;;;;;;;;;;;;;;;;;;;;;;;;;;;;;;;;;;
# Hardware / software; Stevin Supercomputer Infrastructure, C++, compiler intel/2017.02, Linux;;;;;;;;;;;;;;;;;;;;;;;;;;;;;;;;;;;;;;;;;;;;;;;;;;;;;;;;;;;;;;;;
# Stop criteria;cumulated results from several runs, on open instances only. Maximal run: 100 runs x 500k schedules;;;;;;;;;;;;;;;;;;;;;;;;;;;;;;;;;;;;;;;;;;;;;;;;;;;;;;;;;;;;;;;;
# Submission date; 2017/5/26;;;;;;;;;;;;;;;;;;;;;;;;;;;;;;;;;;;;;;;;;;;;;;;;;;;;;;;;;;;;;;;;
ID;Type;Value;Time;Solution;;;;;;;;;;;;;;;;;;;;;;;;;;;;;;;;;;;;;;;;;;;;;;;;;;;;;;;;;;;;;
1;heuristic;47;239000;2;1;3;3;3;1;1;2;3;2;2;1;1;3;3;1;2;1;1;3;2;3;1;1;2;2;3;2;2;3;0;0;0;0;18;2;6;10;6;11;21;11;27;11;13;11;21;24;14;29;27;18;21;28;29;19;37;29;39;28;30;47
2;heuristic;46;441000;1;3;3;2;3;3;2;1;3;3;3;2;3;1;2;1;2;3;3;1;3;2;1;3;1;2;3;3;2;1;0;0;0;0;4;8;8;4;8;9;14;10;15;10;20;20;18;14;15;15;4;23;24;32;32;26;24;26;35;42;35;46
3;heuristic;31;160000;1;2;1;1;1;1;1;3;2;3;1;1;1;1;1;2;1;1;1;1;1;2;1;2;1;1;1;1;2;3;0;0;0;0;7;6;6;8;8;10;8;12;12;13;15;8;8;13;17;15;14;14;17;18;20;17;20;18;30;24;21;31
4;heuristic;27;152000;1;1;1;1;1;1;1;1;2;1;2;1;1;1;1;2;1;1;1;3;1;3;1;1;1;1;2;3;1;1;0;0;0;0;2;6;5;3;6;11;8;11;6;9;8;10;13;18;9;19;3;11;10;18;19;13;22;13;22;22;23;27
5;heuristic;34;156000;1;1;3;1;2;2;1;1;1;1;1;1;2;1;2;1;1;2;1;2;1;1;1;3;1;1;1;3;1;1;0;0;0;1;5;7;10;13;1;14;14;5;15;10;17;19;16;23;22;17;23;25;23;27;7;22;28;31;27;33;30;34
6;heuristic;30;157000;3;2;1;2;1;1;1;1;1;2;2;1;1;1;1;2;1;1;1;1;1;1;1;1;2;1;2;1;1;1;0;0;0;0;16;2;10;4;5;9;10;10;16;9;8;21;16;19;11;19;20;21;23;11;21;26;22;16;28;23;23;30
7;heuristic;27;175000;1;1;1;1;2;1;1;2;1;1;1;2;2;1;2;3;1;1;3;1;1;1;2;1;1;1;2;1;1;1;0;0;0;1;1;4;4;2;14;3;14;4;14;5;16;4;5;9;7;5;2;11;22;16;23;21;20;16;26;25;23;27
8;heuristic;31;184000;1;2;1;1;1;3;1;1;1;1;1;1;2;2;1;1;2;1;1;2;1;3;1;1;1;1;1;2;1;1;0;0;0;0;4;4;10;6;8;20;6;10;7;6;11;9;10;9;11;19;11;14;14;18;19;22;22;26;22;27;30;31
9;heuristic;35;168000;2;1;2;2;1;3;2;1;2;1;1;1;3;1;1;1;1;1;1;2;1;1;1;1;1;2;1;1;2;3;0;2;0;7;6;17;16;6;16;21;1;11;5;8;12;16;11;18;18;14;21;26;19;19;27;24;20;24;32;30;30;35
10;heuristic;26;148000;1;1;1;1;1;2;3;2;2;1;1;1;1;1;1;1;2;2;1;1;1;1;3;1;3;2;1;3;1;1;0;0;0;0;1;2;1;1;11;8;6;6;10;10;8;9;13;10;2;11;13;17;13;15;19;13;16;21;18;22;22;26
11;heuristic;32;160000;1;1;2;1;1;2;1;1;1;2;1;1;1;1;1;1;1;1;1;1;1;2;1;2;1;1;1;1;3;1;0;0;0;1;1;3;3;6;6;7;10;10;10;18;17;19;15;21;14;13;15;17;18;20;24;18;24;23;30;26;26;32
12;heuristic;25;157000;1;1;1;1;1;2;2;1;1;1;3;2;3;1;1;3;2;1;1;1;1;2;1;1;1;2;3;1;2;1;0;0;0;0;2;2;1;5;6;11;2;6;13;12;9;17;10;10;13;10;13;18;14;8;16;19;20;18;18;20;24;25
13;heuristic;26;178000;1;1;1;1;2;1;3;1;3;3;1;1;1;1;1;1;1;1;1;2;1;1;1;2;1;1;2;1;1;2;0;0;0;0;2;3;8;4;5;11;3;9;12;5;21;16;11;7;13;10;14;21;20;9;14;16;15;17;22;24;21;26
14;heuristic;28;151000;1;1;1;1;1;1;1;1;3;1;3;1;2;2;2;2;3;1;1;1;3;2;1;1;1;1;1;1;2;1;0;0;0;0;1;2;3;2;4;3;9;6;14;14;1;9;6;3;12;18;19;6;13;20;17;20;22;22;23;19;22;28
15;heuristic;24;177000;1;1;2;1;3;1;1;1;1;1;2;3;3;2;3;1;2;2;1;1;1;1;1;1;1;2;2;2;3;1;0;0;0;1;7;7;1;1;9;2;7;2;13;7;7;6;13;8;19;13;13;15;15;18;13;15;17;17;21;14;21;24
16;heuristic;36;177000;1;1;2;3;2;1;3;1;1;1;2;3;1;1;2;1;2;1;3;1;3;2;3;1;2;1;1;1;2;1;0;3;0;0;6;3;14;6;3;8;8;16;9;16;19;21;21;8;28;15;25;22;29;29;28;15;27;25;35;28;35;36
17;heuristic;33;168000;1;1;1;1;1;3;2;3;1;2;3;1;1;1;1;1;1;2;1;2;2;1;3;1;2;1;3;3;1;1;0;0;0;0;4;4;8;8;14;4;6;8;13;8;15;15;18;24;17;22;24;25;28;15;28;25;31;18;32;30;31;33
18;heuristic;25;191000;1;2;1;1;2;2;2;1;3;1;1;2;1;1;1;1;1;2;2;2;1;1;1;3;1;1;2;3;2;1;0;0;0;0;4;4;6;6;1;12;1;3;7;6;6;10;11;8;3;6;18;6;11;15;8;16;21;18;13;21;22;25
19;heuristic;22;166000;2;1;1;1;2;2;2;2;3;1;3;1;1;2;2;1;1;1;1;1;1;2;1;1;2;1;2;1;1;1;0;0;1;0;2;2;5;10;6;4;10;2;2;10;12;11;11;6;14;14;14;16;15;15;19;17;17;18;20;21;20;22
20;heuristic;31;181000;1;1;2;1;1;2;2;2;1;1;1;1;1;1;2;1;1;1;1;1;1;1;1;3;1;3;3;1;3;1;0;0;0;1;9;12;3;7;14;7;14;14;2;15;13;5;15;7;11;14;16;18;20;17;22;22;24;13;23;23;27;31
21;heuristic;38;184000;2;1;1;1;1;1;1;1;1;1;1;1;3;1;1;2;3;1;1;1;3;1;1;1;2;1;1;1;1;3;0;13;3;0;4;16;7;11;18;14;18;14;15;19;21;21;11;17;22;22;23;28;19;23;29;28;19;26;36;35;33;38
22;heuristic;32;158000;1;3;1;1;1;2;1;2;1;1;3;1;1;1;3;1;1;1;1;1;1;1;1;3;1;3;1;1;1;2;0;0;0;0;2;10;3;1;11;16;3;2;11;18;10;10;20;18;18;12;20;19;20;23;16;20;23;26;26;28;28;32
23;heuristic;35;183000;1;1;2;1;2;2;1;1;2;2;2;1;1;1;1;3;2;1;2;1;2;3;1;1;2;1;2;1;2;3;0;16;0;1;4;4;3;8;21;10;12;18;9;10;11;14;9;15;16;23;17;21;15;24;21;23;22;29;30;29;29;35
24;heuristic;28;181000;1;2;1;1;1;2;1;2;2;2;3;1;1;3;2;1;1;3;1;1;1;2;1;1;1;2;1;2;1;1;0;5;0;0;10;2;11;10;11;3;4;8;12;20;15;22;14;21;7;18;25;19;17;11;16;24;19;25;24;27;27;28
25;heuristic;31;184000;2;1;1;1;1;3;2;3;2;3;1;1;1;2;1;1;1;1;3;1;2;2;2;1;1;1;1;1;2;2;0;0;0;0;1;2;6;2;5;5;2;2;14;8;6;14;14;20;13;19;19;19;22;8;22;19;23;25;26;24;21;31
26;heuristic;35;175000;3;2;1;1;1;1;1;1;3;2;2;3;1;1;1;1;1;3;1;2;2;3;1;1;1;1;1;3;3;1;0;1;2;0;2;6;4;11;9;10;11;6;8;10;16;14;15;22;18;13;15;18;18;24;17;21;24;25;28;28;27;35
27;heuristic;35;199000;2;1;3;2;1;1;1;1;1;3;3;1;1;2;1;1;1;3;3;1;2;1;2;3;1;2;1;2;2;1;0;2;0;3;1;4;16;4;6;8;6;5;14;5;7;10;13;17;8;14;13;18;15;17;20;20;24;22;29;31;27;35
28;heuristic;33;180000;1;3;2;3;3;1;1;1;2;1;3;1;1;2;1;1;3;1;2;1;1;2;1;2;1;1;1;1;1;1;0;0;0;0;9;3;9;9;13;13;3;3;19;9;13;14;13;20;17;16;20;13;25;18;20;27;21;27;28;28;30;33
29;heuristic;32;191000;3;1;2;1;1;1;3;3;1;3;1;2;3;2;1;3;1;1;1;3;2;1;1;1;1;1;1;1;1;1;0;0;0;0;6;4;5;7;5;4;6;7;16;8;12;8;8;15;15;15;16;17;19;22;24;21;21;25;25;26;26;32
30;heuristic;30;174000;2;3;2;1;1;3;1;2;1;1;2;3;1;1;3;1;1;1;2;1;3;1;1;1;3;1;1;3;2;1;0;0;0;0;1;1;1;5;4;7;8;9;5;9;10;14;16;10;15;18;18;14;5;21;9;10;19;22;23;18;27;30
31;heuristic;26;158000;1;3;3;2;1;1;1;2;1;1;1;1;3;3;3;3;3;1;2;1;1;1;2;1;1;1;1;1;1;1;0;0;0;0;3;2;8;10;8;11;8;2;4;3;3;13;14;11;11;11;12;12;22;11;13;12;16;18;19;24;24;26
32;heuristic;35;204000;1;1;1;1;1;1;2;3;1;1;1;2;3;2;1;1;2;1;2;1;1;2;2;1;3;1;2;1;1;1;0;0;0;0;1;2;2;1;1;6;2;5;6;2;5;5;11;11;13;17;17;20;21;17;23;9;24;19;29;27;27;35
33;heuristic;29;183000;1;1;1;2;1;1;1;3;1;1;2;1;2;1;2;1;1;2;1;1;3;2;1;1;1;2;1;2;2;1;0;0;0;0;1;7;6;10;1;7;11;10;10;7;11;12;13;14;11;22;10;14;13;16;23;13;16;20;23;20;28;29
34;heuristic;31;185000;1;1;1;2;1;1;3;1;2;1;2;2;1;1;1;1;1;1;1;1;1;2;1;1;1;3;2;3;1;1;0;0;6;0;2;2;4;5;7;7;13;7;6;8;6;12;9;12;14;14;8;9;19;15;15;27;20;15;22;28;23;31
35;heuristic;34;182000;1;1;1;2;1;1;1;1;1;1;1;1;3;1;2;1;1;3;1;1;1;2;2;1;2;1;1;2;1;3;0;0;0;0;2;2;3;3;12;2;8;8;10;8;3;3;12;18;4;18;4;17;20;17;18;23;22;26;27;30;27;34
36;heuristic;29;162000;1;3;3;2;3;1;1;3;1;2;3;3;1;2;3;1;2;3;1;1;2;2;1;1;3;1;2;1;1;2;0;0;13;8;1;6;1;3;6;5;13;13;5;3;11;13;12;19;6;17;18;19;18;19;24;15;23;25;28;28;23;29
37;heuristic;25;189000;1;1;1;3;1;1;1;2;1;3;3;1;1;1;1;1;1;2;3;1;1;1;1;1;1;3;2;2;3;1;0;1;0;3;12;1;1;2;5;6;3;11;8;10;17;4;9;5;5;10;7;15;12;14;9;16;16;18;20;19;24;25
38;heuristic;34;163000;3;1;2;1;1;1;2;1;1;1;2;1;1;1;1;2;3;1;1;3;1;1;1;1;1;1;1;2;1;1;0;0;0;0;3;3;8;4;14;17;18;4;11;16;10;14;20;11;21;17;3;16;20;22;28;26;19;26;32;29;32;34
39;heuristic;27;188000;2;1;1;1;3;1;2;3;1;1;2;1;1;3;1;2;2;1;3;2;1;1;1;1;1;1;1;2;2;1;0;0;0;0;2;3;2;3;14;7;14;12;12;13;9;12;18;14;15;19;15;16;17;14;18;17;18;21;19;22;24;27
40;heuristic;28;188000;2;1;3;1;2;1;3;1;3;2;2;2;1;2;3;1;1;2;1;1;2;3;1;1;1;1;1;1;1;2;0;0;0;5;12;12;6;5;1;15;8;15;14;18;12;18;18;18;20;20;21;23;18;23;25;25;25;26;26;27;27;28
41;heuristic;22;173000;1;1;1;1;1;1;1;2;2;1;1;1;1;1;1;3;1;1;2;1;1;1;1;1;1;1;1;1;1;1;0;1;1;0;5;4;3;3;16;10;3;5;7;5;2;5;2;13;9;7;16;13;9;17;11;19;11;17;15;20;20;22
42;heuristic;28;178000;1;1;1;2;1;1;1;1;1;1;2;2;2;2;1;3;1;2;2;1;1;1;2;1;2;1;1;2;1;2;0;0;0;0;1;5;2;9;2;9;7;6;2;11;1;11;17;15;9;6;12;17;14;16;17;19;21;22;20;27;23;28
43;heuristic;37;166000;1;1;2;1;1;1;3;3;1;2;1;1;3;3;1;1;1;1;1;2;1;1;1;2;1;1;1;2;1;1;0;0;0;8;3;8;3;9;19;12;15;1;12;11;15;14;22;15;19;21;24;27;29;29;32;30;31;29;36;35;33;37
44;heuristic;40;171000;1;1;1;1;1;2;2;3;2;1;1;1;1;1;2;2;2;2;1;1;1;2;1;1;1;1;1;1;2;1;0;0;0;2;6;9;2;6;1;18;13;16;24;18;9;19;19;12;24;26;33;34;27;29;33;27;34;36;38;34;39;40
45;heuristic;41;166000;1;1;1;2;1;1;1;2;1;1;1;2;3;1;2;1;1;1;1;1;1;1;1;1;3;3;1;3;1;2;0;0;2;0;8;6;10;8;6;13;3;18;15;30;20;10;14;10;32;28;13;3;15;18;19;20;20;29;32;38;33;41
46;heuristic;41;138000;1;1;1;1;1;1;3;1;1;2;1;1;3;1;1;1;1;1;2;1;1;1;1;2;1;2;1;1;1;1;0;0;0;0;1;5;2;2;3;4;8;6;19;12;5;27;8;23;7;12;23;10;26;20;30;37;15;27;30;40;38;41
47;heuristic;38;169000;2;1;1;1;1;1;1;1;1;1;1;1;3;1;1;1;1;1;1;2;1;1;1;2;1;3;1;1;2;1;0;0;2;0;7;2;11;18;7;3;6;12;28;13;13;21;29;11;25;30;5;34;27;23;18;27;32;34;29;36;35;38
48;heuristic;38;177000;1;1;1;1;1;3;1;3;1;1;1;1;1;1;1;1;2;1;1;1;1;3;1;1;1;2;3;1;1;2;0;0;11;0;1;5;1;4;7;22;7;7;16;12;23;29;17;11;26;17;28;19;7;22;24;20;31;22;35;34;32;38
49;heuristic;41;175000;1;2;1;1;1;2;2;3;1;3;2;3;3;1;1;1;1;2;2;2;1;1;1;1;2;3;1;1;1;3;0;0;0;0;8;3;2;7;8;13;28;25;17;3;18;26;27;28;29;10;18;25;29;10;22;30;34;28;38;37;38;41
50;heuristic;28;148000;1;1;1;1;1;1;1;1;1;1;1;3;1;2;1;1;1;1;1;1;1;1;1;1;1;1;1;1;1;1;0;0;0;0;1;4;8;1;3;5;9;5;13;13;13;12;19;18;20;9;17;18;20;24;16;22;22;23;27;27;24;28
51;heuristic;30;180000;1;1;1;1;2;3;1;2;1;1;1;1;1;1;2;1;1;3;1;1;1;2;1;1;2;2;1;2;1;1;0;0;0;0;2;2;4;4;5;22;12;12;17;17;13;10;16;18;17;21;24;10;18;21;22;25;22;19;23;25;28;30
52;heuristic;42;143000;1;2;1;2;2;2;1;1;1;1;1;1;2;2;2;2;3;3;1;2;2;1;2;1;1;2;1;1;3;1;0;0;0;3;4;8;5;11;19;16;10;8;14;14;25;27;20;30;31;35;27;28;40;28;37;38;39;39;41;34;41;42
53;heuristic;37;183000;1;1;1;3;1;1;1;2;1;3;1;1;2;1;1;3;1;1;1;1;2;1;1;1;2;1;1;1;2;1;0;9;0;11;1;1;5;14;26;19;1;9;15;15;11;24;14;21;25;23;16;19;26;26;27;25;29;20;33;31;33;37
54;heuristic;32;175000;1;1;2;1;1;3;1;2;1;1;1;2;1;2;2;1;1;1;1;1;3;1;2;1;1;1;2;1;1;3;0;0;0;0;5;7;4;4;9;18;11;5;14;23;11;9;9;12;21;20;26;18;15;21;19;27;16;19;28;28;25;32
55;heuristic;30;177000;1;1;1;1;1;1;1;2;1;2;2;1;1;1;3;3;1;2;1;1;1;1;2;1;1;1;1;1;1;1;0;0;0;0;4;1;5;12;2;12;19;11;7;17;5;13;12;8;22;19;22;16;19;13;25;21;21;26;27;29;28;30
56;heuristic;34;153000;2;1;1;3;1;1;1;3;1;2;1;1;2;2;1;1;1;1;1;3;1;1;3;3;1;1;2;1;2;1;0;0;0;0;2;12;4;13;15;4;7;5;13;9;25;10;12;14;18;12;20;13;20;16;14;24;26;15;32;24;29;34
57;heuristic;26;167000;1;2;1;1;1;1;1;1;2;1;1;1;3;1;1;1;1;1;1;1;1;2;1;2;1;1;2;1;2;1;0;0;0;0;5;10;8;15;7;8;10;13;2;5;10;12;18;20;14;14;14;21;19;19;23;23;16;17;25;21;21;26
58;heuristic;29;183000;1;2;2;1;1;1;1;2;2;3;1;1;1;1;2;1;2;1;1;3;3;1;2;3;1;1;2;1;1;2;0;0;0;0;6;12;3;13;2;11;14;13;6;11;11;12;11;20;14;15;16;18;14;16;16;25;24;23;28;28;26;29
59;heuristic;34;187000;1;1;1;1;1;2;1;2;1;1;1;1;1;1;1;1;3;1;1;2;1;1;3;1;1;1;3;1;1;3;0;0;0;0;2;5;14;8;2;10;5;11;11;8;2;22;10;4;10;14;12;15;14;23;18;25;25;22;29;27;27;34
60;heuristic;41;175000;1;1;2;1;2;1;1;1;1;3;2;2;3;1;1;2;1;1;1;2;1;3;1;1;3;2;1;1;1;1;0;0;0;0;1;2;1;8;9;11;8;22;18;1;11;18;11;27;13;34;14;37;24;30;36;24;19;35;38;38;38;41
61;heuristic;31;191000;1;1;2;1;2;1;1;3;3;1;1;1;1;1;2;1;1;3;1;1;1;1;3;1;1;1;2;1;1;3;0;0;0;0;4;1;1;4;5;5;15;16;6;20;14;8;19;16;9;19;16;19;21;14;22;23;21;22;28;25;22;31
62;heuristic;29;161000;1;1;1;1;3;1;1;1;1;1;1;1;1;1;1;1;2;2;2;1;2;1;2;1;2;2;1;2;1;1;0;0;0;0;1;8;12;4;1;2;3;13;3;5;14;8;4;14;14;15;22;23;10;5;16;23;19;9;22;27;26;29
63;heuristic;40;170000;3;1;1;1;2;3;1;3;1;3;3;1;3;2;1;1;3;1;1;2;3;1;1;3;1;1;1;1;1;2;0;0;0;0;3;3;3;7;7;11;13;16;10;7;7;12;16;7;16;26;14;7;24;28;22;24;28;35;39;32;15;40
64;heuristic;34;184000;2;1;1;1;3;1;1;2;2;2;1;1;3;3;1;1;2;2;2;2;2;1;1;1;1;1;1;1;1;2;0;0;0;0;1;5;1;3;10;12;17;10;1;12;5;16;16;23;19;15;27;5;27;27;23;29;11;27;31;33;22;34
65;heuristic;33;191000;1;2;2;3;1;2;1;1;3;2;1;1;3;3;1;2;2;2;2;3;1;3;2;1;1;1;1;1;1;1;0;0;0;0;2;8;7;8;9;2;15;9;10;10;7;19;21;12;10;9;12;22;23;15;17;25;25;25;30;29;28;33
66;heuristic;30;180000;1;2;1;1;1;1;3;2;2;1;3;1;1;3;1;1;2;1;3;2;1;1;3;2;2;1;1;1;1;1;0;0;0;0;2;4;5;5;6;5;9;16;3;9;12;4;2;3;10;6;10;15;16;24;16;13;19;24;26;26;22;30
67;heuristic;24;178000;1;2;1;1;1;1;1;1;2;1;1;2;1;2;1;1;1;1;1;1;2;1;2;3;3;1;1;1;1;1;0;3;0;0;8;4;4;3;9;10;19;10;4;8;6;11;12;13;19;18;21;16;20;19;13;13;18;21;22;23;22;24
68;heuristic;22;177000;1;1;1;1;1;3;1;1;1;1;1;2;1;2;1;1;1;3;2;2;1;2;1;1;1;1;2;1;1;1;0;0;0;0;1;3;5;4;4;8;16;8;3;9;11;14;17;11;12;18;2;12;13;20;14;18;19;15;21;21;20;22
69;heuristic;27;186000;1;3;1;1;1;3;1;1;1;1;3;1;1;1;1;1;2;1;2;1;1;1;1;1;1;1;1;1;1;1;0;0;0;0;6;11;5;7;8;8;6;14;15;9;9;14;12;9;12;20;15;16;15;23;18;24;22;23;24;24;26;27
70;heuristic;23;172000;1;3;1;1;2;1;1;2;2;1;2;1;3;2;2;1;2;1;1;1;2;2;1;1;1;2;1;1;1;2;0;0;0;0;1;15;2;7;2;7;6;9;3;12;6;7;9;10;11;5;10;11;12;17;16;16;17;18;19;19;19;23
71;heuristic;28;183000;1;1;1;1;1;2;1;3;1;3;3;1;3;3;1;1;3;1;3;1;1;3;2;1;3;1;1;1;1;1;0;0;0;0;7;5;6;6;4;7;14;7;13;9;5;8;17;9;14;16;12;14;19;18;19;21;17;23;27;20;25;28
72;heuristic;38;199000;1;1;1;1;2;1;1;1;1;2;3;1;3;2;1;3;1;1;2;1;1;1;3;2;3;2;1;2;2;2;0;0;2;4;5;7;17;9;1;6;9;10;6;8;21;23;9;23;17;8;18;15;25;25;17;19;19;26;35;31;29;38
73;heuristic;27;180000;1;2;1;1;3;1;3;2;1;1;1;1;1;1;1;3;3;2;1;2;3;1;2;2;1;3;1;1;1;1;0;0;1;0;1;5;6;6;2;8;10;21;9;17;4;19;9;12;11;15;20;12;14;16;22;17;16;24;26;24;26;27
74;heuristic;41;169000;3;1;2;1;2;2;2;1;2;3;2;1;1;1;3;3;2;2;1;2;2;1;2;2;3;3;1;1;1;1;0;0;0;0;6;7;10;2;13;6;7;6;13;13;14;16;12;15;18;26;26;18;18;10;23;6;29;29;36;36;39;41
75;heuristic;23;169000;1;2;2;2;1;1;1;1;3;1;2;2;3;2;1;3;1;1;1;1;1;1;1;3;1;1;1;1;2;1;0;3;0;0;3;5;6;16;2;12;9;3;6;5;10;6;12;11;8;9;14;13;15;19;13;13;20;16;21;21;22;23
76;heuristic;19;182000;1;1;2;1;1;1;1;1;1;1;1;1;1;1;2;1;1;1;1;1;1;1;1;1;1;1;1;1;1;1;0;0;0;0;5;5;1;5;3;6;8;8;6;3;4;8;7;11;8;13;11;8;14;13;6;11;13;14;17;18;14;19
77;heuristic;30;175000;1;1;1;3;1;1;2;1;1;3;1;1;3;2;1;1;1;1;3;2;1;1;1;2;2;2;1;3;1;1;0;0;0;0;3;2;2;7;8;15;5;5;10;15;1;10;12;12;15;3;14;16;16;17;23;20;17;11;23;28;27;30
78;heuristic;30;165000;2;2;2;1;3;1;1;1;2;1;1;3;2;1;2;2;1;2;1;1;1;1;1;3;1;1;1;1;1;1;0;2;4;0;6;8;5;8;10;7;11;15;16;11;19;26;11;23;14;20;28;17;27;23;18;28;27;25;29;29;28;30
79;heuristic;22;179000;1;1;1;1;3;1;1;1;1;1;1;1;1;1;2;1;1;1;2;1;2;2;1;1;1;2;1;1;2;1;0;0;0;0;5;1;2;2;6;2;3;7;3;10;9;7;5;4;6;11;10;4;11;13;12;14;15;11;18;15;21;22
80;heuristic;25;178000;2;2;1;1;1;3;1;1;3;1;1;3;1;2;2;1;3;1;1;1;1;1;1;1;1;1;3;1;1;3;0;0;0;0;1;3;4;10;3;5;7;9;1;9;7;8;5;4;13;12;15;15;16;14;17;16;20;17;23;17;16;25
81;heuristic;24;180000;1;1;1;2;3;1;2;1;1;2;1;1;1;3;1;1;2;2;1;3;1;1;3;3;2;1;1;2;1;1;0;0;0;0;1;2;2;1;2;2;3;8;4;9;10;9;11;3;8;8;9;15;16;14;10;14;17;15;19;22;17;24
82;heuristic;32;169000;1;1;1;1;1;1;2;1;2;2;1;2;1;1;3;2;1;1;1;1;2;2;1;3;2;1;3;1;1;1;0;0;0;0;6;6;2;5;5;8;2;5;12;10;15;6;10;11;15;15;19;16;18;11;19;13;25;14;25;27;20;32
83;heuristic;34;111000;2;1;1;1;1;1;1;1;1;1;2;3;1;1;1;1;1;1;1;1;1;2;2;1;1;1;1;3;1;2;0;0;0;0;4;4;9;5;10;9;5;12;14;4;6;10;12;22;23;15;24;20;15;21;24;21;28;23;26;31;31;34
84;heuristic;26;143000;2;1;2;1;1;2;1;1;1;1;1;1;1;1;1;1;1;1;1;1;1;1;1;1;2;2;2;1;1;2;0;0;0;0;2;3;2;4;7;9;9;9;8;11;14;4;7;4;10;17;12;12;20;18;22;16;13;17;24;24;22;26
85;heuristic;33;105000;1;1;1;1;1;1;1;2;1;2;1;1;3;3;3;2;1;1;2;1;2;1;2;3;1;1;1;2;1;1;0;0;0;0;6;8;2;1;2;21;5;5;11;6;11;11;12;8;22;1;19;12;21;22;12;24;24;22;28;30;29;33
86;heuristic;39;120000;2;1;1;1;2;1;2;3;3;2;1;1;3;3;3;1;1;1;2;2;2;1;2;1;1;1;1;2;1;1;0;0;2;0;6;9;11;2;6;18;12;5;14;24;20;19;9;24;10;29;16;17;26;12;20;29;22;29;35;38;32;39
87;heuristic;29;121000;1;1;1;2;1;1;1;1;3;1;1;1;2;1;3;2;1;1;1;1;1;2;1;1;1;1;1;1;2;1;0;0;0;0;1;2;5;6;13;5;7;2;16;13;18;7;15;13;19;19;21;1;17;24;21;26;24;19;27;22;28;29
88;heuristic;33;124000;3;1;1;2;1;1;1;2;1;2;1;1;2;2;2;1;1;2;1;1;2;1;1;2;1;2;1;1;1;3;0;0;0;0;8;8;8;10;10;13;17;14;18;3;2;19;18;26;20;26;27;12;20;21;29;18;24;27;30;30;29;33
89;heuristic;32;133000;3;1;2;1;1;1;1;1;3;1;3;1;1;1;1;1;1;1;1;2;1;2;1;1;2;2;1;1;2;2;0;0;0;4;4;6;4;6;6;8;16;13;8;13;13;18;6;25;16;16;16;18;21;21;21;22;22;25;27;27;27;32
90;heuristic;31;114000;3;1;1;1;1;2;1;1;1;2;2;1;1;1;1;2;1;1;1;1;1;1;1;1;1;1;1;1;1;1;0;0;0;0;8;2;9;4;9;4;12;8;9;15;9;21;21;23;13;13;16;21;9;21;17;18;22;23;25;24;28;31
91;heuristic;34;128000;1;1;3;1;1;1;1;1;1;1;1;1;3;1;1;1;1;2;2;1;2;1;3;2;1;1;1;1;2;2;0;0;0;0;9;2;14;9;12;8;23;12;10;16;8;14;14;16;17;5;23;26;15;17;22;22;26;26;29;31;31;34
92;heuristic;26;116000;1;1;1;1;1;1;2;2;1;1;1;3;2;1;1;2;1;2;2;1;1;1;1;1;1;2;2;1;1;1;0;2;0;0;6;2;5;6;15;5;3;8;5;6;8;8;9;18;9;9;15;21;16;13;16;16;21;19;25;19;24;26
93;heuristic;28;134000;1;1;1;1;2;1;1;1;2;1;3;1;3;1;2;1;1;1;3;3;1;3;1;3;2;2;1;2;1;1;0;0;0;0;3;6;1;3;2;8;7;1;2;1;6;2;7;9;3;3;12;12;19;13;17;23;6;19;25;27;15;28
94;heuristic;33;132000;1;1;2;2;1;1;1;1;1;2;2;1;3;1;1;1;1;2;1;3;2;1;1;1;1;1;1;1;2;3;0;2;0;0;12;6;14;4;10;10;20;5;7;14;12;18;26;9;18;14;24;24;16;15;16;17;24;21;31;28;27;33
95;heuristic;35;126000;1;1;1;1;1;1;1;2;3;1;1;1;1;1;1;3;2;2;1;1;1;1;1;2;1;1;1;1;1;2;0;0;0;0;3;6;4;4;20;3;4;8;11;3;12;12;10;12;13;15;22;20;13;20;16;22;26;22;28;33;19;35
96;heuristic;31;130000;2;1;2;1;1;1;1;1;2;2;2;1;2;1;1;2;1;1;2;3;3;1;2;1;1;1;1;1;2;1;0;2;0;2;5;5;24;8;9;4;9;12;16;7;12;22;9;9;25;13;10;14;17;20;24;19;24;23;28;27;26;31
97;heuristic;21;133000;1;1;3;1;1;1;1;1;1;1;1;1;1;1;1;1;2;2;1;1;1;1;2;1;1;1;1;1;1;1;0;0;0;1;5;1;6;6;5;7;8;6;14;1;9;10;8;9;7;12;17;14;10;14;13;11;13;18;19;18;18;21
98;heuristic;25;126000;1;1;1;1;3;2;3;1;2;1;2;1;1;2;2;1;1;1;1;2;1;2;1;2;1;1;1;1;2;2;0;1;0;1;9;8;3;8;17;4;12;2;11;13;11;8;13;1;19;15;5;16;15;12;15;21;18;20;22;23;22;25
99;heuristic;35;130000;1;1;1;1;1;1;1;1;3;1;3;1;1;3;3;2;1;1;1;3;2;1;1;1;1;1;1;1;1;1;0;0;0;0;5;11;1;4;8;5;4;16;5;10;4;12;10;17;21;8;19;25;21;31;28;23;26;26;26;33;30;35
100;heuristic;18;123000;1;1;1;1;1;2;1;1;1;1;1;1;2;1;2;2;1;1;1;1;1;1;1;1;1;2;1;1;1;1;0;0;0;0;1;1;4;1;1;2;4;1;4;2;3;4;7;7;7;7;11;6;11;8;10;13;13;12;15;17;11;18
101;heuristic;25;114000;1;3;1;2;1;1;1;1;1;1;2;2;1;1;3;1;1;2;2;2;2;1;1;1;1;1;1;3;1;2;0;0;0;0;1;4;1;7;2;3;8;2;9;8;8;12;8;12;13;8;6;11;13;12;18;20;12;18;18;23;16;25
102;heuristic;33;138000;1;1;1;1;1;2;2;2;3;1;2;3;1;1;1;1;1;1;1;2;2;1;1;2;1;1;1;2;3;1;0;3;0;0;6;6;2;10;10;15;10;22;12;21;24;24;14;17;26;21;8;28;13;30;19;28;24;27;31;28;32;33
103;heuristic;35;123000;1;2;3;1;1;1;2;2;1;1;3;2;1;3;2;2;1;2;1;3;1;2;1;1;1;1;1;1;1;1;0;0;3;7;9;12;12;13;20;19;14;9;9;23;15;16;22;17;22;27;20;27;24;25;27;24;32;27;34;31;33;35
104;heuristic;21;133000;1;1;1;2;1;1;1;1;2;1;1;1;3;1;1;1;2;1;1;1;1;2;1;1;1;1;1;1;1;1;0;1;1;0;2;7;11;3;6;6;3;11;8;6;7;11;6;14;9;15;11;15;9;11;19;17;15;18;20;20;19;21
105;heuristic;31;134000;3;1;1;1;1;2;1;2;3;1;2;2;1;2;2;2;3;2;1;1;2;1;2;2;1;1;2;1;3;1;0;0;0;0;1;5;7;1;1;4;4;7;11;7;8;5;10;14;10;8;16;17;11;14;23;15;22;18;30;11;25;31
106;heuristic;30;131000;1;3;1;1;2;1;1;1;3;2;2;2;1;2;1;2;1;2;3;3;1;1;1;1;2;1;1;3;2;1;0;0;0;0;1;1;7;6;8;7;2;9;1;10;12;6;10;20;9;2;10;19;11;11;12;13;21;22;22;24;27;30
107;heuristic;27;125000;2;1;1;1;1;1;1;2;1;1;1;1;2;2;2;1;3;1;1;1;2;1;3;1;1;1;1;1;1;1;0;0;0;0;2;2;4;8;10;4;10;10;13;3;15;8;10;12;16;15;15;18;16;13;19;23;21;24;21;25;26;27
108;heuristic;24;130000;1;1;1;1;1;1;2;2;1;3;3;1;2;1;1;1;1;1;2;1;2;1;1;1;3;3;1;1;1;1;0;0;0;0;1;2;2;2;2;2;6;10;7;8;7;13;2;7;13;3;17;16;19;11;17;8;11;16;20;19;20;24
109;heuristic;36;131000;1;3;1;1;1;1;2;1;3;1;2;3;2;1;2;1;1;1;2;1;1;2;2;2;2;3;2;1;1;2;0;8;7;0;4;28;10;17;16;12;9;13;10;10;14;17;20;21;21;19;23;24;22;24;24;25;21;31;35;30;30;36
110;heuristic;34;132000;1;1;1;2;1;1;1;1;3;1;1;1;1;3;2;2;2;1;1;1;1;1;1;1;1;1;1;2;1;2;0;0;0;0;7;1;7;3;11;13;12;12;21;23;7;11;16;3;18;2;21;21;22;23;22;25;24;11;26;25;24;34
111;heuristic;25;107000;1;2;2;1;1;3;2;2;1;2;1;1;3;1;2;3;1;1;2;1;1;1;1;1;1;2;1;1;1;3;0;0;0;3;8;7;2;5;10;10;2;12;12;11;15;4;16;9;14;12;12;15;13;15;18;18;19;20;24;22;19;25
112;heuristic;29;129000;1;1;1;1;1;2;1;1;1;1;1;1;1;1;1;1;2;1;2;1;1;1;3;1;3;1;2;2;1;2;0;4;2;0;6;7;5;6;8;9;8;16;11;11;12;15;13;12;11;18;14;17;15;15;26;21;17;21;28;24;24;29
113;heuristic;30;130000;1;3;2;2;2;1;2;1;2;1;2;1;1;1;3;2;2;1;1;1;1;1;1;1;1;1;1;2;1;1;0;0;0;3;10;13;14;7;16;13;3;19;5;9;12;16;25;14;20;15;12;13;16;17;21;22;17;21;26;29;24;30
114;heuristic;25;126000;1;3;1;1;2;1;2;1;1;1;2;1;1;3;1;2;1;3;1;2;2;1;2;3;1;1;1;1;1;1;0;0;0;0;5;10;10;5;5;10;10;5;18;14;12;10;11;15;5;11;13;18;23;18;12;23;18;19;22;24;22;25
115;heuristic;27;136000;1;2;1;1;2;1;1;2;2;1;1;3;3;3;1;1;1;1;3;1;3;1;1;1;1;1;2;1;2;1;0;0;0;0;3;4;6;4;4;4;8;9;9;4;3;5;9;7;12;12;9;15;12;12;11;18;18;18;24;16;19;27
116;heuristic;35;128000;3;1;3;2;1;1;1;1;1;2;1;1;1;1;1;3;1;1;1;3;3;1;1;3;1;1;1;1;3;1;0;21;0;1;4;6;4;6;8;11;22;9;12;21;11;12;12;13;25;22;10;17;27;24;21;18;27;27;30;29;32;35
117;heuristic;29;145000;1;2;1;1;1;1;1;1;3;1;1;1;1;1;1;1;2;2;1;1;1;2;1;1;1;1;1;1;1;1;0;0;0;0;4;4;5;4;1;7;8;2;5;10;11;13;16;1;15;15;19;21;21;24;10;15;20;21;25;25;24;29
118;heuristic;24;137000;1;1;2;2;1;2;1;1;1;1;1;3;1;1;3;3;1;3;1;1;1;3;1;1;3;3;2;1;1;1;0;4;0;1;5;6;3;5;10;4;10;14;9;12;8;6;15;9;7;7;11;13;10;16;19;13;11;18;23;21;23;24
119;heuristic;30;126000;3;2;1;2;1;1;2;1;1;1;1;1;1;1;1;3;1;1;1;2;2;2;3;1;3;1;1;1;2;3;0;0;0;0;4;2;5;8;11;11;4;5;9;8;5;13;8;13;13;15;16;17;5;16;15;18;22;26;27;27;26;30
120;heuristic;33;121000;3;1;1;3;1;1;2;1;2;1;1;2;2;1;1;1;2;2;3;3;2;2;1;3;2;1;3;1;2;1;0;0;0;0;3;10;1;3;8;3;12;5;8;10;9;11;18;12;20;11;7;13;15;20;18;20;28;23;24;24;31;33
121;heuristic;26;129000;1;2;2;2;2;1;1;1;3;1;1;1;1;2;1;2;2;3;2;1;3;3;1;1;1;1;1;2;1;2;0;0;0;0;4;8;4;3;5;5;8;12;1;14;4;8;12;5;13;5;16;5;13;12;21;15;17;21;21;22;24;26
122;heuristic;28;136000;1;2;1;1;1;1;2;3;1;1;1;1;1;1;1;2;1;1;2;2;2;3;1;3;2;1;2;1;1;1;0;0;0;1;2;4;15;8;3;4;13;9;15;3;11;9;7;10;12;4;9;13;18;16;14;15;12;19;24;25;27;28
123;heuristic;38;125000;1;1;1;2;2;1;2;3;1;1;3;1;3;2;1;1;3;1;1;1;1;1;1;1;1;1;3;1;1;1;0;0;5;0;8;1;3;9;10;8;12;16;26;16;6;15;24;27;24;12;27;18;30;33;27;32;28;18;37;37;35;38
124;heuristic;34;120000;1;2;2;1;1;1;1;3;1;1;3;1;2;1;1;1;1;1;1;1;1;1;1;1;1;3;1;1;1;1;0;0;0;0;7;7;10;12;19;14;11;14;12;28;16;13;17;17;5;19;18;16;23;29;25;28;20;30;29;30;32;34
125;heuristic;36;122000;1;1;1;1;1;1;1;1;1;1;1;3;1;1;1;1;2;1;1;1;1;1;1;2;1;1;1;1;1;2;0;0;0;1;4;9;7;13;1;9;7;17;5;19;24;19;5;15;14;13;15;15;26;24;24;18;29;25;34;32;29;36
126;heuristic;37;114000;1;1;1;2;1;1;1;1;1;1;2;1;3;2;1;2;3;2;1;2;1;2;3;1;1;2;1;1;1;1;0;2;0;0;3;9;8;13;15;5;11;10;18;13;21;15;11;18;28;18;22;28;21;20;29;31;26;31;32;34;34;37
127;heuristic;37;117000;1;1;1;1;1;1;1;2;1;1;1;1;1;1;3;1;1;1;1;1;1;1;1;1;1;2;1;1;1;1;0;0;3;0;10;6;13;8;6;15;17;21;19;25;3;9;18;23;24;27;26;19;22;32;26;35;29;32;31;33;36;37
128;heuristic;33;120000;1;1;2;1;1;1;1;1;1;1;1;3;2;1;3;1;1;1;1;2;1;1;1;1;1;1;1;1;1;1;0;0;9;0;6;5;6;8;7;11;10;8;14;19;9;14;15;19;26;28;22;19;24;21;27;31;27;26;30;28;32;33
129;heuristic;36;120000;1;1;2;1;1;1;1;1;1;1;1;1;1;1;1;1;3;1;1;1;1;2;1;1;1;1;1;1;1;1;0;0;0;6;10;11;5;11;12;15;6;19;21;12;21;24;31;22;25;13;23;28;19;24;25;26;28;29;34;31;32;36
130;heuristic;44;130000;1;1;1;1;2;1;1;3;3;2;1;1;2;1;1;2;1;2;1;2;1;1;1;1;1;1;1;1;1;3;0;0;0;12;5;3;13;10;6;12;14;23;24;19;31;16;6;31;14;34;18;20;33;32;24;39;21;28;40;43;33;44
131;heuristic;32;121000;1;1;1;2;1;2;1;1;1;1;2;1;1;2;1;1;1;1;1;1;1;1;1;1;1;1;1;1;1;1;0;1;0;0;2;7;5;5;7;14;8;10;12;12;2;25;13;8;12;14;18;21;25;26;19;26;26;28;29;30;31;32
132;heuristic;45;112000;2;2;1;1;1;1;1;1;1;1;2;1;1;2;1;1;1;1;1;1;1;1;3;1;1;1;1;3;1;1;0;0;0;0;1;20;8;8;14;25;12;16;16;26;34;7;21;35;25;26;15;38;31;22;30;40;33;36;36;41;44;45
133;heuristic;26;123000;1;1;1;1;1;1;1;2;2;3;1;1;2;1;3;1;1;1;3;2;1;1;1;1;1;1;1;1;1;1;0;18;1;0;3;2;7;2;9;2;11;4;13;6;10;4;7;15;13;12;19;19;14;17;22;19;23;23;24;23;25;26
134;heuristic;36;126000;1;1;1;1;3;2;1;1;1;2;2;1;1;1;3;2;1;1;1;2;1;1;1;1;2;1;1;1;2;1;0;2;0;0;3;8;2;5;5;14;13;8;18;5;15;22;10;16;18;8;11;16;15;18;21;22;24;27;29;31;28;36
135;heuristic;25;124000;1;1;1;1;1;1;1;1;1;3;1;1;1;2;1;1;1;1;1;2;2;1;1;1;1;1;1;1;1;1;0;0;0;0;2;3;2;4;3;6;11;4;10;7;11;6;7;6;20;10;15;13;15;18;12;19;22;23;19;22;24;25
136;heuristic;26;118000;1;1;1;1;1;3;1;1;1;1;3;1;1;2;2;1;1;2;1;1;1;1;3;1;1;1;1;1;2;1;0;0;0;0;3;4;13;3;3;5;6;12;5;12;6;6;18;20;18;6;9;12;11;16;19;13;20;21;21;20;23;26
137;heuristic;30;114000;1;1;1;1;1;1;1;1;1;1;2;1;1;1;1;1;1;1;1;1;1;1;2;1;1;3;1;1;1;1;0;0;0;0;3;5;4;7;11;12;11;18;15;20;14;18;24;12;13;10;14;6;21;17;27;16;20;23;27;27;28;30
138;heuristic;31;131000;2;2;1;1;1;1;1;1;1;1;3;1;1;2;3;1;3;1;3;3;2;1;1;1;1;1;1;3;1;2;0;0;0;0;2;4;3;7;4;22;5;13;9;10;18;5;2;12;8;9;22;22;13;13;26;19;16;25;27;29;27;31
139;heuristic;38;142000;2;1;3;2;1;1;1;3;2;2;2;1;1;3;1;2;2;1;1;1;1;2;1;3;1;1;2;2;1;3;0;0;0;0;4;7;9;4;11;7;10;9;10;8;12;16;12;21;23;25;21;25;18;15;26;23;30;26;33;31;30;38
140;heuristic;33;127000;1;1;1;1;1;1;1;1;1;1;1;1;3;1;1;1;3;1;1;3;3;1;1;3;3;1;1;1;1;1;0;0;0;0;3;3;10;4;10;12;14;23;13;1;4;22;9;10;17;28;11;15;21;26;24;22;18;30;31;32;26;33
141;heuristic;34;135000;1;1;1;1;1;2;3;2;1;1;2;3;2;1;3;1;1;1;1;1;1;2;1;1;1;1;1;2;2;1;0;1;2;0;4;5;23;7;16;7;10;18;13;13;14;9;10;17;11;29;24;23;24;16;24;27;26;31;33;30;30;34
142;heuristic;23;143000;1;1;1;2;1;1;1;1;1;1;1;2;1;2;1;1;1;2;1;1;1;1;1;2;1;1;1;1;1;1;0;0;0;0;2;4;2;8;12;2;6;11;3;10;10;14;14;17;5;17;8;18;19;18;7;14;18;20;20;21;20;23
143;heuristic;25;117000;1;1;1;1;1;1;1;2;2;1;2;2;1;1;2;1;2;2;1;1;2;3;3;1;1;3;1;1;1;1;0;0;0;0;4;4;6;4;1;4;6;10;4;15;6;13;11;17;4;16;13;17;16;11;15;22;17;22;24;23;24;25
144;heuristic;33;127000;1;2;1;2;1;2;1;1;1;1;2;1;3;2;2;3;1;1;1;2;1;2;3;1;1;1;1;2;1;1;0;0;0;0;4;6;14;11;7;10;4;2;2;12;12;14;9;18;10;18;18;18;20;10;20;26;23;26;20;20;28;33
145;heuristic;23;128000;1;1;1;1;1;1;1;2;1;1;1;2;3;1;1;1;1;1;2;1;2;1;2;1;1;1;1;1;1;2;0;0;0;0;1;8;2;10;5;3;5;2;8;3;5;9;6;11;4;10;11;10;8;13;13;16;17;17;22;18;13;23
146;heuristic;24;122000;1;1;1;2;2;1;1;1;1;2;2;1;1;2;3;1;1;1;1;2;2;1;1;1;1;1;1;1;1;1;0;0;0;0;3;9;1;1;6;3;9;12;9;7;6;12;14;14;10;20;10;9;16;18;17;21;17;18;23;22;23;24
147;heuristic;32;121000;1;1;2;3;1;1;1;2;1;1;3;1;2;1;1;2;3;1;3;2;1;1;1;1;2;1;1;1;1;1;0;3;0;1;3;6;5;12;11;17;11;20;14;19;21;18;12;15;17;22;17;21;26;23;27;19;24;24;26;27;30;32
148;heuristic;27;133000;1;1;1;2;1;2;1;1;3;1;1;1;1;3;1;1;1;1;1;2;1;1;2;1;1;1;2;1;1;1;0;0;0;2;4;8;10;9;12;3;11;19;22;8;3;12;11;25;16;16;16;19;15;20;22;17;22;20;26;26;25;27
149;heuristic;24;136000;1;1;1;3;1;1;1;1;1;1;1;1;1;1;1;1;1;1;1;2;2;1;3;1;1;1;1;1;1;1;0;0;0;0;7;9;2;3;9;5;7;9;6;10;3;10;10;11;11;13;14;11;7;14;4;11;14;13;21;19;12;24
150;heuristic;23;137000;1;1;1;1;1;2;2;1;3;1;1;1;3;2;1;1;3;2;1;1;1;1;1;1;1;1;1;2;1;1;0;0;0;0;2;3;4;4;2;11;4;8;7;4;12;18;9;4;10;20;8;11;15;19;21;14;16;15;20;22;18;23
151;heuristic;26;132000;1;1;1;3;1;1;3;2;1;2;2;2;1;1;1;1;3;3;1;1;1;1;1;1;1;1;1;1;1;1;0;0;3;0;6;12;2;14;6;6;3;13;9;12;12;5;11;19;12;13;16;21;21;20;15;22;20;21;23;23;23;26
152;heuristic;21;119000;1;1;1;1;2;1;1;1;1;1;1;1;1;1;1;1;2;2;1;1;1;1;1;1;1;1;1;1;1;1;0;0;0;0;1;1;2;1;5;3;4;5;3;6;7;9;10;8;7;9;7;3;9;14;12;14;11;12;17;13;19;21
153;heuristic;27;134000;1;2;1;1;2;1;3;1;2;2;1;2;3;1;1;2;1;2;2;1;1;1;2;1;3;1;1;1;1;2;0;1;2;0;1;8;6;4;5;7;7;10;6;13;9;10;14;8;20;12;17;17;20;22;12;13;21;17;25;22;23;27
154;heuristic;31;115000;1;1;3;3;1;3;1;1;1;3;2;1;1;1;1;2;1;1;1;1;1;1;1;1;2;1;1;1;2;2;0;0;0;0;5;5;15;6;7;11;13;11;7;13;16;14;17;6;10;13;20;16;18;18;20;20;19;22;24;24;24;31
155;heuristic;21;136000;1;2;1;1;1;1;1;1;1;1;1;1;1;1;1;2;1;1;1;2;1;1;1;1;1;3;1;1;1;1;0;0;0;0;3;2;3;5;5;9;7;7;7;10;3;2;5;9;10;8;7;13;7;13;11;16;11;10;20;15;16;21
156;heuristic;29;127000;2;1;1;1;3;2;2;1;1;2;1;1;1;3;1;2;1;2;1;1;3;1;1;1;2;1;2;1;2;1;0;3;6;0;1;20;3;7;3;11;6;11;9;9;13;15;15;15;10;16;22;6;12;17;22;17;17;19;26;25;23;29
157;heuristic;37;123000;3;2;1;1;1;2;1;1;3;1;3;2;1;1;1;1;1;1;1;3;1;1;1;2;3;1;1;2;1;1;0;0;1;0;8;8;14;9;10;12;8;22;10;19;17;21;13;16;35;20;14;21;27;28;32;25;23;29;34;32;36;37
158;heuristic;30;137000;1;1;1;1;1;1;1;1;1;2;1;1;2;1;2;1;1;1;1;3;1;1;1;1;1;2;1;1;1;2;0;0;0;0;3;8;10;3;3;10;3;7;10;7;11;8;4;12;13;11;14;14;13;13;20;20;10;22;21;26;19;30
159;heuristic;29;134000;1;1;1;1;2;1;1;2;1;1;2;1;3;1;3;2;1;1;2;1;1;1;1;2;1;1;2;1;1;2;0;0;0;0;5;9;5;9;11;9;7;10;10;13;10;13;20;5;17;11;21;20;24;23;20;15;26;20;26;28;26;29
160;heuristic;38;129000;1;1;1;1;1;1;1;1;1;1;1;2;3;1;1;1;3;2;1;3;1;2;1;2;1;2;1;2;1;2;0;0;3;0;4;5;8;8;13;10;10;11;15;12;17;19;21;6;22;15;5;22;22;14;22;17;23;28;35;30;31;38
161;heuristic;31;136000;1;3;1;1;1;1;2;2;1;2;1;2;1;1;1;3;3;1;1;1;1;1;1;1;1;2;1;1;1;2;0;0;0;7;8;4;5;9;20;12;17;8;9;11;14;15;9;8;14;14;10;13;16;21;19;22;16;23;24;26;24;31
162;heuristic;37;128000;1;3;3;2;1;1;1;2;1;1;3;2;1;2;1;1;1;3;1;3;3;3;1;1;1;2;1;1;2;1;0;0;4;1;6;10;4;5;11;12;7;13;17;23;28;33;15;27;11;20;18;13;20;24;21;25;29;32;36;32;35;37
163;heuristic;34;45000;1;1;1;2;2;2;1;1;1;1;1;2;3;2;3;1;1;1;1;1;1;1;2;1;3;1;2;1;1;1;0;0;4;0;7;4;8;8;4;13;9;11;15;8;17;1;5;15;20;17;24;11;24;20;28;22;23;30;24;33;31;34
164;heuristic;32;44000;1;1;1;1;2;1;2;1;1;2;1;1;1;1;1;1;1;1;1;1;2;1;2;3;1;1;2;2;2;1;0;0;0;0;5;8;4;5;13;12;3;9;18;14;10;10;18;12;12;13;14;21;23;16;18;25;20;21;24;27;26;32
165;heuristic;24;45000;2;1;2;1;1;1;1;1;1;1;1;1;1;1;1;1;1;2;1;1;2;1;1;2;1;1;1;1;1;1;0;0;0;0;3;1;5;1;8;1;5;5;4;6;6;7;3;6;6;12;17;10;9;14;14;17;18;17;20;20;21;24
166;heuristic;30;43000;1;1;1;1;1;1;2;1;2;2;2;1;2;2;1;3;1;1;3;1;1;1;2;3;2;1;1;3;1;1;0;6;0;6;1;1;2;7;5;3;7;8;5;2;6;14;14;11;21;14;10;13;12;22;16;15;17;25;25;28;23;30
167;heuristic;27;44000;1;1;3;1;2;1;2;1;2;1;1;1;2;1;1;2;3;1;1;1;3;1;1;1;1;1;2;1;1;1;0;0;0;0;1;1;13;3;3;5;3;10;1;10;14;3;10;13;23;19;18;3;13;15;7;21;21;15;23;24;23;27
168;heuristic;32;42000;1;3;1;1;1;1;1;1;2;1;1;1;1;1;3;1;1;1;2;1;3;1;1;3;1;1;1;1;1;1;0;0;0;3;12;8;11;3;6;8;13;14;10;10;11;12;22;16;20;17;17;17;14;24;17;25;27;25;28;29;26;32
169;heuristic;33;42000;1;1;1;3;3;3;1;1;3;2;1;1;2;1;1;1;2;2;1;2;1;1;1;1;1;2;1;3;1;1;0;1;12;0;2;2;16;4;26;12;19;6;12;19;9;23;22;16;17;14;16;25;23;29;21;23;26;21;24;31;27;33
170;heuristic;33;42000;1;1;1;1;1;1;1;1;1;2;1;1;1;1;1;1;3;2;1;2;1;1;1;1;1;1;2;2;1;2;0;0;1;4;7;1;6;6;10;7;7;14;10;11;14;14;17;19;15;18;16;20;9;21;12;19;23;21;27;27;29;33
171;heuristic;51;42000;1;3;1;1;1;1;1;1;3;1;1;1;1;3;1;2;2;1;1;1;2;1;1;2;1;1;2;1;2;1;0;0;12;1;22;8;25;32;13;26;28;21;42;29;37;25;35;30;33;30;43;36;34;32;37;42;46;24;48;50;45;51
172;heuristic;27;42000;1;1;1;1;3;1;2;1;2;1;1;1;1;1;1;1;1;2;1;1;1;1;1;3;1;1;1;1;1;1;0;3;0;1;4;6;3;5;4;15;6;21;12;10;12;22;13;19;16;13;12;13;17;20;13;19;23;20;26;22;25;27
173;heuristic;21;42000;1;1;1;1;2;1;1;1;1;1;1;1;1;2;2;2;1;1;1;1;1;1;1;1;1;1;1;1;2;1;0;0;0;0;5;2;5;7;2;3;5;12;4;7;7;7;10;8;11;12;12;10;13;13;15;13;14;15;16;13;16;21
174;heuristic;22;42000;1;1;1;1;1;1;1;2;1;1;2;1;2;3;1;2;1;1;1;3;2;1;1;2;1;1;1;2;1;1;0;0;0;0;2;3;2;6;3;6;3;6;3;8;12;3;10;10;6;17;5;10;9;12;12;16;19;18;14;20;21;22
175;heuristic;42;42000;2;1;1;3;1;1;3;1;2;2;1;1;2;3;1;1;1;1;1;2;3;1;1;2;3;1;3;3;1;3;0;0;2;0;8;6;8;17;25;14;6;17;8;18;13;25;30;27;26;30;32;21;30;35;27;25;31;30;33;35;38;42
176;heuristic;34;42000;2;1;1;1;2;1;1;2;1;1;1;1;1;1;3;3;1;1;1;1;2;1;2;1;1;1;2;1;1;1;0;0;0;0;4;1;4;4;5;5;12;18;19;11;11;1;12;6;24;7;10;24;16;13;12;27;21;25;31;30;33;34
177;heuristic;22;42000;2;1;1;1;1;1;1;1;1;2;1;1;2;1;1;3;1;1;1;1;3;1;2;2;1;1;2;1;3;1;0;2;0;12;2;17;2;4;3;5;9;11;5;5;10;9;6;12;16;14;13;7;17;15;14;19;19;15;21;19;19;22
178;heuristic;29;43000;2;1;2;2;1;1;1;1;1;3;1;1;1;1;2;2;1;2;2;1;1;1;1;2;1;1;1;1;1;1;0;1;0;0;7;10;12;7;9;15;9;18;16;18;15;18;15;17;23;14;17;19;19;22;17;23;23;24;28;28;28;29
179;heuristic;29;42000;1;1;1;2;1;1;1;2;1;3;1;1;1;1;1;1;2;1;2;1;1;2;1;2;1;1;1;2;1;1;0;0;0;1;10;3;3;5;15;9;12;8;9;10;6;11;8;5;14;14;18;14;23;21;17;20;20;25;26;24;25;29
180;heuristic;40;42000;2;1;1;3;2;1;3;1;1;3;1;2;1;1;2;3;1;1;1;1;1;1;1;2;3;2;2;1;1;1;0;4;18;0;10;10;4;19;10;12;12;17;19;15;11;31;15;21;27;32;23;20;29;27;23;28;36;30;38;36;37;40
181;heuristic;21;43000;1;1;1;1;1;2;2;3;1;1;1;1;2;1;2;1;1;3;1;2;1;2;1;1;1;1;1;1;1;1;0;0;0;0;1;2;1;1;5;3;6;4;5;10;7;4;9;9;9;10;9;4;11;12;17;16;13;18;19;20;18;21
182;heuristic;22;42000;2;1;1;1;2;1;1;2;1;1;2;1;1;1;1;1;1;3;1;1;1;1;2;1;3;1;3;1;1;1;0;0;0;0;1;2;1;5;5;11;10;12;6;6;13;12;7;7;1;11;13;12;14;13;12;8;16;14;20;19;15;22
183;heuristic;38;43000;1;2;1;1;3;1;1;1;1;1;1;1;1;1;3;3;1;1;3;1;3;2;3;1;1;2;1;2;1;2;0;0;9;3;18;6;9;15;12;31;8;13;14;27;15;20;21;19;19;23;31;16;16;24;33;23;29;33;32;36;30;38
184;heuristic;29;42000;1;1;1;1;1;1;1;1;1;1;1;1;3;2;1;2;2;2;3;1;1;1;1;2;1;1;1;1;1;1;0;9;1;0;6;3;2;1;5;2;6;6;9;11;10;7;7;12;14;14;13;12;20;18;17;20;23;17;22;24;26;29
185;heuristic;28;42000;3;1;1;2;1;1;1;3;1;1;2;2;2;1;1;1;2;2;1;3;1;1;1;1;1;1;1;2;1;1;0;0;0;0;2;3;4;2;5;5;9;9;3;4;3;5;9;5;13;10;10;19;10;18;12;12;19;20;24;26;19;28
186;heuristic;28;42000;3;1;1;3;2;2;3;3;1;2;3;2;2;1;3;1;1;1;1;1;3;1;1;1;1;1;3;1;1;3;0;0;0;0;4;6;3;6;11;4;3;4;9;11;9;11;9;9;9;10;14;12;17;16;24;21;17;18;27;24;18;28
187;heuristic;40;43000;1;1;2;1;3;3;1;3;1;1;3;1;2;2;1;2;1;2;1;3;1;3;1;3;1;1;1;3;1;1;0;0;5;8;4;8;7;14;28;16;23;12;14;19;15;18;24;20;20;19;26;20;24;32;28;23;24;33;34;39;37;40
188;heuristic;25;41000;1;2;1;2;1;1;1;1;1;1;1;2;1;1;3;2;1;1;2;1;1;1;2;2;3;1;1;1;1;1;0;0;0;0;3;5;4;7;6;5;6;9;9;5;7;13;21;8;9;9;11;17;13;11;17;15;20;15;21;23;24;25
189;heuristic;30;43000;1;1;1;1;2;1;2;2;1;1;1;1;3;1;1;1;3;3;3;1;2;2;1;2;1;1;2;1;1;1;0;0;0;0;2;2;2;9;7;6;2;15;5;1;10;10;6;9;19;5;13;2;11;15;15;19;20;18;26;26;18;30
190;heuristic;42;42000;1;2;3;2;1;2;2;1;1;1;1;1;1;1;1;3;3;1;3;1;3;1;1;2;2;2;1;1;1;1;0;0;0;0;4;4;11;4;8;13;18;8;18;23;10;23;12;21;21;7;25;25;11;23;29;23;33;33;28;40;34;42
191;heuristic;37;43000;1;1;3;1;1;2;2;1;2;3;1;1;3;1;2;1;2;1;1;1;1;2;1;1;1;3;1;2;1;1;0;10;0;9;3;11;13;14;6;20;13;9;19;23;22;16;18;32;27;23;28;30;20;29;31;21;23;32;33;34;35;37
192;heuristic;29;42000;1;1;1;1;1;1;2;2;1;1;1;2;2;1;1;1;1;1;1;2;1;1;2;1;3;1;2;2;2;1;0;0;3;0;6;7;4;6;1;10;10;7;18;10;11;15;8;16;8;14;18;19;18;23;19;16;23;12;24;20;25;29
193;heuristic;37;42000;1;3;2;1;1;1;2;1;2;1;2;3;1;1;1;1;2;1;1;1;1;1;2;1;3;2;1;1;1;2;0;0;4;14;18;3;23;6;26;13;20;16;11;21;16;23;26;23;24;24;26;27;27;19;29;22;27;33;34;35;31;37
194;heuristic;25;42000;1;1;2;1;1;1;1;1;1;1;1;1;2;1;1;1;1;1;3;2;3;1;1;2;1;1;2;1;2;1;0;1;0;6;4;2;8;3;6;5;13;8;9;8;14;6;10;5;11;15;15;14;14;16;19;22;11;17;23;24;22;25
195;heuristic;31;43000;2;3;1;2;1;3;1;1;3;2;1;1;1;2;2;2;2;1;3;1;1;1;1;2;1;1;2;1;3;1;0;0;0;0;6;5;6;6;12;14;15;15;18;15;17;20;6;12;12;15;16;23;18;22;17;25;22;25;28;22;26;31
196;heuristic;33;43000;1;1;2;1;1;1;3;2;1;1;1;2;2;1;2;1;1;1;3;2;1;3;1;2;1;1;1;2;1;1;0;0;0;0;5;11;11;1;5;17;11;5;17;12;19;13;13;19;21;1;14;23;19;28;12;18;20;18;28;29;28;33
197;heuristic;23;44000;1;1;2;3;1;2;1;1;1;1;1;2;3;1;1;2;3;1;1;1;1;1;1;1;3;3;1;2;2;1;0;0;1;12;4;2;7;3;14;9;3;15;12;15;7;10;11;10;6;19;15;13;17;18;17;14;10;19;22;20;21;23
198;heuristic;29;42000;3;1;1;1;1;1;1;2;1;1;2;1;1;2;1;2;1;2;1;1;3;1;1;1;1;1;2;1;1;3;0;0;0;0;5;5;2;10;10;6;10;6;7;6;7;15;11;7;3;11;18;15;15;13;17;21;20;23;27;22;15;29
199;heuristic;37;43000;1;1;3;3;1;3;1;1;2;2;2;1;1;3;1;3;1;1;1;1;1;1;2;2;2;1;1;1;1;1;0;0;10;11;9;19;22;19;24;20;15;29;26;23;25;24;19;25;26;24;31;27;28;29;32;27;32;32;34;35;35;37
200;heuristic;36;42000;2;1;3;3;1;1;1;2;2;2;1;3;2;1;3;1;2;1;3;2;1;1;1;1;1;2;1;1;1;2;0;0;1;9;16;26;1;5;9;6;13;13;15;17;16;18;20;16;27;17;28;21;24;24;24;27;25;34;35;33;31;36
201;heuristic;28;42000;1;1;1;1;1;1;2;1;2;1;1;1;1;1;1;2;1;1;3;2;2;1;1;2;1;2;3;1;1;1;0;0;0;0;2;2;2;1;9;1;5;9;12;9;12;16;5;11;12;16;5;14;16;19;13;23;19;16;25;23;21;28
202;heuristic;26;42000;1;1;1;1;1;2;1;1;2;1;2;1;1;1;1;1;2;1;1;1;1;1;1;1;1;1;1;1;3;1;0;0;0;0;1;2;8;3;2;5;5;10;1;8;4;2;3;9;13;16;10;14;14;16;15;19;17;18;20;20;20;26
203;heuristic;46;44000;1;1;1;3;3;1;3;2;1;1;1;1;1;2;3;1;1;1;1;1;1;1;1;1;1;1;1;1;1;2;0;0;0;2;2;10;11;16;15;3;21;13;19;20;26;3;16;30;21;26;20;28;23;37;30;31;43;35;37;45;40;46
204;heuristic;34;44000;1;1;1;2;3;2;1;1;1;1;1;2;3;1;3;1;1;3;1;2;3;1;1;1;1;1;1;1;1;1;0;0;0;5;1;2;2;8;2;9;3;10;4;17;24;17;28;24;15;12;16;8;27;30;25;25;15;31;32;33;30;34
205;heuristic;32;44000;2;1;1;1;2;1;1;1;1;1;1;1;2;1;2;1;1;1;1;3;3;1;1;1;1;1;1;1;1;1;0;0;0;0;5;6;6;11;12;5;6;6;11;21;14;12;15;15;19;16;19;12;20;19;16;17;21;23;29;24;31;32
206;heuristic;33;44000;1;1;1;3;1;1;1;1;1;1;1;1;1;1;1;2;1;1;1;1;1;1;1;1;1;2;1;1;1;1;0;3;0;0;2;3;4;6;12;7;6;19;2;7;16;15;21;19;10;17;12;19;24;25;23;26;26;29;28;32;32;33
207;heuristic;34;44000;1;1;1;3;1;1;2;1;1;2;1;1;1;1;2;1;1;1;1;1;1;1;1;1;1;2;1;1;1;1;0;1;0;0;4;14;5;12;15;13;15;4;11;12;11;14;21;7;22;19;23;26;16;22;26;19;26;28;28;32;29;34
208;heuristic;42;43000;1;1;1;1;1;1;1;1;1;1;2;3;1;2;1;1;2;3;2;1;1;1;1;2;1;3;1;2;1;2;0;0;0;4;3;7;16;29;16;9;5;11;9;10;18;6;18;12;19;30;29;19;27;31;20;36;32;30;41;40;32;42
209;heuristic;38;43000;1;1;1;1;1;1;3;1;1;1;2;1;1;1;1;1;1;1;1;1;1;1;3;2;3;1;1;2;1;1;0;0;1;0;7;9;2;9;6;12;27;8;13;16;4;19;13;8;20;22;25;24;23;16;27;27;26;26;33;35;31;38
210;heuristic;50;44000;1;1;1;1;1;1;2;1;1;2;2;1;1;1;1;1;2;1;1;1;1;1;1;1;2;2;1;1;1;1;0;3;0;0;11;17;4;8;15;6;11;21;25;44;29;28;22;17;29;19;26;31;32;36;28;38;37;44;46;46;41;50
211;heuristic;37;43000;2;1;1;1;1;1;1;1;1;1;1;1;1;1;1;1;1;2;3;1;1;1;1;1;1;1;1;1;1;2;0;0;5;0;5;11;16;8;9;18;10;20;16;10;13;9;16;27;12;19;25;19;27;26;24;29;19;29;33;33;29;37
212;heuristic;36;44000;3;1;1;2;1;1;3;1;1;1;1;1;1;1;2;1;1;2;1;2;1;1;1;2;2;2;1;2;1;1;0;0;0;0;3;10;15;5;15;12;5;21;1;16;20;15;8;19;8;17;19;25;23;26;27;27;26;29;23;34;31;36
213;heuristic;36;43000;1;1;2;1;1;1;1;3;1;1;1;1;1;1;2;1;1;2;1;1;1;1;1;1;1;1;1;1;1;1;0;0;2;0;4;2;4;8;5;8;9;3;12;15;12;13;22;16;16;20;3;24;25;27;14;29;24;31;32;31;31;36
214;heuristic;30;45000;1;1;1;1;1;1;1;2;1;1;1;1;2;1;1;1;1;2;1;1;2;1;1;1;1;2;2;1;1;3;0;0;19;0;3;3;3;8;9;8;11;11;9;14;14;16;22;14;24;17;20;19;21;25;28;22;13;16;29;26;23;30
215;heuristic;29;43000;1;1;1;1;1;1;1;1;1;1;1;1;2;1;1;1;1;1;1;1;1;1;1;1;1;1;1;1;1;1;0;0;5;0;4;6;5;8;13;11;15;4;11;11;22;10;19;18;20;20;24;21;26;19;16;23;24;24;26;28;26;29
216;heuristic;35;42000;1;1;3;1;1;1;2;2;1;1;2;1;2;1;2;1;2;1;1;1;1;2;1;1;2;1;1;1;1;2;0;0;0;0;1;2;9;2;3;9;11;14;11;11;12;20;22;18;14;19;13;20;25;28;20;23;28;30;32;25;32;35
217;heuristic;30;42000;2;1;1;1;1;1;1;2;1;2;1;1;1;1;1;1;1;1;1;1;1;3;2;1;2;1;1;1;1;1;0;7;1;0;4;2;8;11;7;8;12;12;14;16;16;13;17;15;23;17;19;19;18;18;21;19;25;25;25;27;27;30
218;heuristic;41;42000;2;1;2;2;1;1;1;1;1;1;1;1;1;1;1;2;1;1;1;1;1;1;2;1;1;2;1;1;1;1;0;12;0;4;11;7;15;17;7;20;19;20;17;22;16;25;11;30;21;24;23;30;24;26;32;27;32;36;40;36;37;41
219;heuristic;27;42000;3;2;1;1;1;1;2;1;1;1;2;2;2;1;1;1;1;1;1;1;1;2;1;1;1;1;1;1;1;1;0;0;0;0;2;2;5;9;16;8;4;10;2;5;15;16;13;17;14;12;13;18;15;20;18;21;21;21;24;24;23;27
220;heuristic;28;42000;1;1;1;1;1;1;2;1;2;1;1;1;1;1;1;1;1;2;1;1;2;1;1;1;1;2;1;1;1;1;0;0;0;1;6;1;7;6;5;10;6;10;15;8;11;7;17;13;15;25;15;18;8;23;18;21;17;23;27;27;26;28
221;heuristic;36;43000;1;1;1;1;1;2;1;3;1;1;1;3;3;1;1;2;1;1;1;1;2;1;3;3;3;1;2;2;1;1;0;0;0;0;3;7;2;7;5;12;11;8;14;5;23;15;21;2;14;21;24;29;16;25;18;28;28;24;31;35;31;36
222;heuristic;19;43000;1;2;1;1;1;1;2;1;1;1;1;1;1;1;1;1;1;3;1;1;1;1;1;2;1;1;1;1;2;1;0;0;0;0;3;9;4;3;7;4;5;5;6;8;7;5;2;13;9;11;10;9;13;9;14;14;16;15;14;17;18;19
223;heuristic;25;42000;1;1;2;1;1;1;1;1;1;1;2;1;2;1;1;1;1;1;1;1;1;2;1;1;1;1;1;1;1;1;0;0;0;0;1;1;2;6;5;2;2;6;2;10;8;10;11;6;11;13;16;15;13;18;16;15;18;19;19;21;17;25
224;heuristic;43;43000;2;2;3;1;1;1;1;1;1;1;1;1;1;1;1;2;2;3;2;2;3;1;1;1;3;1;1;2;1;1;0;0;0;8;3;6;3;7;6;8;8;7;11;17;11;12;11;20;11;13;25;13;18;23;26;23;32;22;32;27;39;43
225;heuristic;31;42000;1;3;1;1;1;1;2;1;1;3;1;1;1;1;1;1;2;3;1;1;1;2;1;1;2;1;2;2;1;2;0;0;3;0;1;4;3;6;1;4;16;8;12;18;9;11;15;12;19;10;14;11;12;17;19;28;23;21;30;26;28;31
226;heuristic;29;43000;1;1;1;1;1;1;1;2;1;1;1;1;1;1;1;1;1;1;1;1;1;1;1;1;1;1;1;1;1;2;0;3;0;0;3;12;13;7;5;17;5;9;10;7;11;15;11;16;14;13;22;20;17;18;18;22;19;17;25;23;22;29
227;heuristic;43;42000;1;3;1;1;1;1;1;2;2;1;3;1;2;3;1;1;1;3;1;3;1;1;1;1;1;2;1;1;3;1;0;0;0;0;4;4;5;5;5;9;3;9;12;7;15;8;8;12;25;15;15;24;26;16;26;30;35;39;39;17;42;43
228;heuristic;32;42000;1;1;1;1;1;1;3;1;3;1;1;2;1;1;1;1;1;1;1;1;1;1;1;1;2;1;2;3;1;1;0;0;0;0;1;5;10;5;3;1;10;13;10;28;14;16;14;15;19;15;15;17;23;24;17;23;27;26;14;29;28;32
229;heuristic;45;43000;1;2;2;1;1;1;1;1;1;2;1;1;3;2;1;3;1;1;3;1;1;1;3;1;3;1;2;1;1;2;0;0;10;14;3;5;13;7;17;12;12;19;15;9;30;15;15;20;22;25;17;22;24;23;32;35;34;36;43;43;36;45
230;heuristic;26;42000;1;1;3;1;1;1;3;3;1;1;1;1;1;1;2;3;1;1;1;1;1;1;1;1;1;1;2;1;1;1;0;0;0;0;3;3;4;2;9;13;9;7;4;6;10;8;15;11;11;13;15;15;13;15;17;16;20;18;24;23;24;26
231;heuristic;33;44000;1;1;1;1;1;1;1;2;1;1;1;2;1;2;1;1;2;2;2;1;1;1;1;3;3;1;1;1;1;3;0;0;0;0;4;5;6;6;8;9;6;15;8;8;8;11;11;9;12;6;10;18;15;18;16;16;25;23;30;25;25;33
232;heuristic;20;42000;1;2;1;1;1;2;1;1;2;1;1;1;1;1;1;1;1;3;1;1;1;1;1;1;1;1;1;1;1;2;0;0;0;0;5;9;1;2;2;3;6;4;4;8;8;9;8;10;13;13;12;13;12;14;17;17;18;14;19;15;15;20
233;heuristic;31;42000;1;3;2;1;1;1;1;1;3;1;2;1;1;1;2;1;2;1;1;1;3;1;1;1;3;1;2;1;1;2;0;0;0;0;5;6;6;11;10;11;10;6;12;15;10;15;11;11;16;12;12;16;15;17;19;22;19;26;22;30;25;31
234;heuristic;32;42000;1;1;2;2;1;1;2;1;1;2;2;1;1;2;1;1;2;1;2;1;1;1;1;2;2;1;1;1;1;1;0;0;0;0;3;5;3;11;7;7;7;3;5;11;8;11;12;12;13;15;12;18;13;22;15;23;21;19;27;26;26;32
235;heuristic;28;42000;1;2;1;1;1;1;1;1;2;1;1;2;3;1;3;3;3;2;2;1;1;1;1;3;1;1;1;1;1;1;0;0;0;0;5;7;3;3;3;7;6;9;6;11;17;10;10;18;18;8;9;18;13;19;5;17;12;21;13;27;22;28
236;heuristic;27;43000;1;1;2;1;2;1;1;2;2;1;3;1;1;1;1;2;1;1;2;1;1;3;2;1;1;1;2;1;1;3;0;0;0;0;3;2;4;5;5;2;9;2;14;8;8;15;15;17;19;10;14;5;12;19;19;20;13;17;19;23;17;27
237;heuristic;29;42000;1;1;1;1;1;1;1;1;1;1;1;1;1;2;1;1;1;1;2;1;1;1;1;3;1;1;1;2;2;1;0;0;2;4;1;4;8;7;7;12;7;14;8;16;8;11;19;11;11;3;9;16;14;13;17;15;12;19;20;23;24;29
238;heuristic;29;43000;1;1;1;1;2;3;2;1;1;3;3;2;1;1;1;3;2;1;2;1;1;1;2;1;2;2;1;3;1;1;0;0;0;7;1;5;8;9;3;12;2;13;15;4;17;9;18;20;25;4;18;10;11;22;11;20;16;26;23;28;22;29
239;heuristic;36;43000;1;1;1;1;1;1;1;1;2;3;3;1;2;2;3;2;2;2;1;1;1;1;2;1;2;3;1;2;1;1;0;3;2;0;6;7;7;6;13;10;12;8;10;27;12;10;18;16;21;16;16;24;24;19;22;23;25;26;32;32;28;36
240;heuristic;29;43000;2;1;1;2;3;3;2;2;1;1;1;2;1;2;1;2;2;2;2;1;1;1;1;1;1;2;2;1;1;3;0;0;0;0;1;1;6;6;1;4;2;9;6;11;11;11;2;10;14;16;16;19;9;16;19;19;18;22;21;25;27;29
241;heuristic;22;42000;1;1;1;1;1;1;1;3;2;1;1;3;1;1;1;1;1;3;1;1;1;1;1;2;1;1;1;1;2;2;0;0;0;0;3;3;2;4;4;4;3;9;9;5;3;12;6;11;5;15;13;11;15;16;11;14;15;19;20;19;19;22
242;heuristic;29;42000;1;2;1;1;1;1;3;1;3;1;1;1;2;2;1;1;1;1;1;1;1;1;1;1;2;2;1;1;1;1;0;0;2;6;5;9;6;10;12;4;11;10;7;13;20;21;11;15;16;24;23;19;12;27;22;13;18;23;26;27;28;29
243;heuristic;47;186000;1;1;3;1;3;1;3;2;2;2;3;3;3;3;1;3;1;2;3;3;3;3;3;3;3;3;3;3;3;2;0;0;0;0;5;16;9;1;9;19;16;19;11;24;10;18;19;26;25;31;1;10;16;31;31;24;33;32;40;41;41;47
244;heuristic;45;163000;3;2;1;2;1;3;2;1;2;3;3;3;1;3;3;1;1;3;3;3;3;2;2;3;2;3;1;3;2;2;0;0;0;0;3;8;14;10;9;8;24;22;10;13;10;35;13;17;27;15;22;17;23;27;34;28;30;37;37;40;40;45
245;heuristic;45;163000;3;3;3;3;1;1;3;3;3;3;2;1;3;1;2;3;3;2;3;3;2;1;2;1;1;3;1;2;3;2;0;7;0;0;7;7;14;17;17;14;23;26;26;29;10;17;23;22;9;19;31;28;32;27;32;38;32;40;41;35;38;45
246;heuristic;57;178000;2;1;3;2;3;3;1;3;3;1;3;3;2;1;3;3;2;3;3;3;3;3;1;2;3;2;1;2;3;2;0;0;0;0;4;24;13;13;7;4;17;19;11;4;19;32;25;11;4;32;24;25;41;31;32;41;24;48;49;48;48;57
247;heuristic;48;128000;2;3;1;3;3;1;3;3;1;2;3;1;3;3;2;2;3;3;1;2;3;3;3;2;3;2;1;1;2;1;0;0;0;0;1;4;9;1;7;10;20;10;9;27;19;29;15;19;19;24;20;27;25;27;36;37;36;36;45;43;45;48
248;heuristic;41;153000;1;1;3;2;3;1;2;3;2;2;2;3;2;3;3;3;1;3;3;3;3;1;1;3;1;3;3;1;1;3;0;0;0;0;2;1;1;11;1;10;12;19;12;16;2;2;21;11;20;12;12;19;26;27;27;37;29;29;40;39;20;41
249;heuristic;45;158000;3;1;2;2;2;3;1;3;3;1;3;2;3;3;1;3;2;3;3;2;2;1;3;3;3;1;1;3;3;2;0;0;0;2;2;5;19;10;2;9;12;4;19;16;13;13;2;29;13;22;22;35;27;28;24;28;38;35;40;32;37;45
250;heuristic;39;179000;3;3;2;3;2;2;2;1;3;1;3;2;3;2;3;2;1;2;2;1;3;3;3;3;1;1;2;1;3;3;0;0;0;0;8;6;8;31;8;8;15;8;18;15;22;17;24;13;10;13;23;24;25;24;24;33;34;24;37;34;34;39
251;heuristic;44;157000;1;3;2;1;3;2;3;3;3;2;1;2;2;1;1;3;3;2;3;3;2;2;2;2;2;1;2;2;2;1;0;0;0;0;5;6;11;11;6;25;31;18;21;10;13;13;21;19;26;14;31;25;21;31;33;35;41;35;42;38;42;44
252;heuristic;39;182000;3;1;1;3;1;2;3;3;1;3;2;3;3;2;3;3;2;3;3;1;3;3;3;3;3;3;3;3;1;1;0;0;0;0;7;2;2;2;5;10;5;11;11;18;11;19;11;21;10;10;28;28;19;29;21;29;29;20;29;38;36;39
253;heuristic;39;160000;2;3;2;1;1;3;3;3;3;1;2;3;3;3;3;3;3;2;3;3;1;3;1;3;2;1;3;3;3;1;0;0;0;0;8;4;7;9;9;9;9;4;17;7;25;9;8;17;18;21;15;15;18;20;25;26;34;25;33;25;35;39
254;heuristic;32;168000;2;2;1;2;3;3;3;3;3;3;1;3;3;3;1;2;2;3;3;2;3;2;3;2;3;3;1;3;1;2;0;0;0;0;6;3;12;6;3;3;6;11;3;15;12;12;15;19;14;21;22;22;22;12;23;13;20;27;28;30;26;32
255;heuristic;38;163000;3;1;2;3;2;3;3;3;1;1;3;2;2;3;1;3;2;3;2;3;3;3;3;3;2;1;3;2;3;1;0;0;0;0;5;10;3;5;5;13;13;17;12;17;3;17;18;17;23;13;23;24;23;12;19;29;32;28;33;26;37;38
256;heuristic;42;155000;3;1;2;3;3;3;1;3;2;1;3;3;3;2;3;1;3;2;1;1;1;1;3;3;3;3;3;2;3;2;0;14;0;0;2;7;2;12;15;12;13;7;14;14;24;16;12;14;22;24;23;24;24;27;27;26;28;28;37;32;37;42
257;heuristic;43;161000;1;3;3;3;2;2;2;2;2;2;3;3;3;3;3;2;3;3;2;2;2;3;3;2;2;3;3;1;3;2;0;0;0;0;8;5;5;8;16;11;5;8;16;20;16;20;17;22;23;23;20;27;12;27;33;30;30;34;39;30;36;43
258;heuristic;41;182000;3;1;3;3;2;1;3;3;3;1;3;3;3;1;3;1;3;3;3;3;1;2;3;3;2;1;1;2;2;2;0;0;0;0;1;7;7;15;1;12;11;10;22;12;23;15;21;15;22;22;23;31;31;28;24;31;32;34;37;35;34;41
259;heuristic;44;153000;1;1;3;1;2;1;3;3;3;3;3;3;3;3;3;3;1;1;3;1;3;3;3;3;3;3;3;2;2;2;0;0;0;0;3;5;4;8;8;18;18;6;8;14;16;26;3;24;26;14;16;18;27;27;36;27;27;27;41;34;36;44
260;heuristic;47;159000;2;3;3;2;2;1;1;2;3;3;2;1;3;3;3;3;1;3;3;2;3;3;3;2;3;3;1;3;3;2;0;0;0;0;4;9;13;15;7;16;9;9;15;13;15;23;7;13;32;16;23;24;16;16;33;39;26;35;33;45;40;47
261;heuristic;38;168000;3;3;2;1;1;1;3;3;1;2;1;3;3;3;3;3;2;1;1;3;1;2;3;2;1;3;2;1;3;3;0;0;0;0;2;4;5;2;2;10;7;12;4;12;18;12;10;12;18;20;20;28;29;18;18;21;21;27;36;29;28;38
262;heuristic;54;155000;3;1;2;1;1;1;3;2;2;3;3;1;3;2;3;2;3;1;1;2;3;2;3;3;3;1;3;3;2;3;0;0;0;0;2;8;8;8;2;10;5;15;9;25;14;35;22;10;10;13;16;16;2;26;26;25;35;38;45;45;27;54
263;heuristic;34;162000;1;3;3;2;1;2;1;3;2;2;3;3;2;2;3;3;3;1;1;3;3;2;2;3;3;2;3;3;2;2;0;0;0;0;1;1;5;5;6;1;9;5;11;6;15;15;6;13;15;19;24;21;24;15;18;18;30;20;26;32;28;34
264;heuristic;35;171000;3;3;3;3;3;3;3;3;3;2;3;2;1;3;3;3;1;1;1;1;1;1;3;3;2;2;2;3;2;2;0;0;0;0;10;4;10;4;10;12;12;19;20;9;10;9;10;20;21;18;26;21;21;20;26;25;25;30;26;32;34;35
265;heuristic;39;179000;1;3;3;1;2;1;2;1;3;1;3;2;1;3;3;3;2;3;3;3;2;1;3;3;3;1;2;1;3;3;0;0;0;0;10;4;8;12;13;12;13;4;16;15;14;8;4;19;13;16;21;26;19;30;14;26;22;23;37;27;30;39
266;heuristic;47;166000;2;3;1;1;3;2;2;1;1;2;3;3;2;2;1;3;2;3;3;3;3;3;1;3;1;3;2;3;3;2;0;0;0;0;2;2;3;9;5;6;12;12;18;26;18;18;6;24;6;17;5;16;15;27;30;30;31;32;37;39;40;47
267;heuristic;42;165000;3;3;3;3;1;1;3;3;3;3;1;3;3;3;3;1;3;3;1;3;3;2;1;3;3;1;1;1;3;3;0;0;0;0;10;5;18;8;8;8;8;20;5;22;17;8;15;20;8;18;22;20;29;31;18;32;33;36;37;32;18;42
268;heuristic;41;175000;3;1;1;1;3;2;1;1;3;1;3;3;3;3;3;2;2;2;3;3;3;3;2;1;3;3;1;3;3;1;0;0;0;0;3;3;5;5;8;3;8;10;8;10;10;10;13;8;17;19;13;23;13;28;33;22;14;32;35;24;35;41
269;heuristic;35;187000;3;3;1;3;3;3;3;2;1;2;1;3;2;2;2;2;3;3;3;3;1;3;2;1;1;3;2;2;1;3;0;0;0;0;1;1;9;8;8;5;13;9;12;9;10;9;12;21;20;12;17;24;21;14;26;32;25;20;26;34;18;35
270;heuristic;40;144000;3;1;1;3;1;3;3;2;3;3;3;3;3;3;1;1;1;3;1;2;2;1;2;3;3;3;2;3;2;1;0;0;0;0;4;1;4;4;2;5;1;2;5;12;3;15;17;19;17;24;21;19;27;24;21;15;29;32;24;34;38;40
271;heuristic;36;173000;2;3;3;1;3;1;2;3;3;3;2;2;3;3;3;3;1;2;2;1;2;3;2;3;1;1;1;1;3;3;0;0;0;0;2;6;6;8;6;2;2;9;15;15;9;15;15;9;14;22;17;17;3;15;19;24;19;25;30;23;27;36
272;heuristic;51;162000;3;3;3;3;1;1;3;1;1;1;3;3;1;3;3;3;2;3;2;3;1;3;2;3;1;3;2;3;3;3;0;0;0;0;7;7;9;8;14;15;19;8;8;20;17;17;9;18;10;24;30;30;20;30;33;42;18;43;49;40;27;51
273;heuristic;54;1747000;2;2;3;1;3;3;2;3;3;3;3;1;1;2;2;3;1;3;1;3;1;2;3;3;1;3;3;2;3;2;0;0;0;9;4;4;7;13;13;22;7;43;19;21;22;32;18;21;22;39;43;41;18;32;22;31;32;41;50;42;52;54
274;heuristic;58;164000;1;3;2;1;3;1;1;2;2;3;1;1;3;2;2;2;3;3;2;3;2;3;1;3;1;3;2;3;3;2;0;0;14;2;2;10;16;22;6;14;4;40;28;23;21;31;29;37;40;41;46;20;29;39;43;55;49;23;49;55;57;58
275;heuristic;56;189000;2;3;3;3;3;1;1;2;3;2;3;1;1;3;2;2;1;3;1;3;3;3;3;3;3;3;3;1;2;3;0;0;0;0;15;8;16;25;9;17;28;19;33;24;16;26;26;32;24;35;28;38;28;45;29;36;36;47;54;51;47;56
276;heuristic;54;181000;1;3;2;3;1;2;3;3;3;2;3;3;3;2;1;2;3;3;1;1;1;1;3;3;1;3;2;3;2;3;0;0;3;0;11;10;22;20;13;13;30;20;26;3;13;27;37;20;26;19;34;30;36;36;37;43;44;43;48;49;41;54
277;heuristic;50;115000;1;1;3;1;2;3;3;1;3;2;3;3;2;1;3;1;3;3;3;1;2;3;3;1;3;3;1;2;2;1;0;0;0;5;2;4;1;4;12;23;15;2;22;36;18;23;30;18;23;15;32;33;31;39;40;5;33;48;44;45;49;50
278;heuristic;62;187000;3;3;3;1;3;2;3;2;2;1;1;2;2;3;1;3;3;2;3;3;1;3;2;3;3;2;1;3;2;2;0;0;4;0;10;10;20;15;14;19;34;28;36;23;11;17;26;34;28;48;43;40;23;43;48;48;43;55;48;57;58;62
279;heuristic;57;152000;3;3;2;2;1;3;3;2;1;3;3;2;3;1;1;1;1;3;1;3;3;3;3;3;3;3;3;3;2;3;0;0;0;0;10;7;7;16;12;20;10;14;7;19;36;28;24;22;24;25;30;28;28;38;39;30;39;47;47;52;47;57
280;heuristic;44;178000;3;1;2;3;3;3;2;2;3;2;3;2;3;3;1;3;1;2;3;3;3;3;1;3;2;3;2;1;2;1;0;0;0;0;15;8;22;4;28;18;8;23;4;1;13;3;22;8;13;18;22;33;32;32;33;30;32;41;43;36;42;44
281;heuristic;59;174000;1;2;3;1;3;3;1;1;3;1;3;2;3;3;3;3;3;2;2;2;1;3;3;1;3;3;3;1;3;2;0;0;0;0;7;19;10;20;10;12;29;35;12;21;19;21;3;35;31;32;41;30;45;32;40;41;41;47;57;52;50;59
282;heuristic;42;176000;3;3;1;3;3;3;2;2;3;1;3;3;3;1;3;3;1;1;1;3;2;1;2;1;3;3;3;3;3;1;0;0;0;0;3;14;3;24;10;11;13;18;24;13;23;13;3;9;22;23;26;26;26;29;24;27;29;29;38;36;35;42
283;heuristic;46;177000;3;3;1;1;1;2;1;3;3;1;2;3;3;1;3;3;2;3;3;3;3;3;3;1;3;3;1;3;3;2;0;0;0;0;5;11;12;11;20;20;26;21;15;11;16;6;22;12;18;27;24;24;27;34;31;31;34;35;39;39;44;46
284;heuristic;44;179000;3;1;3;1;3;3;3;2;1;1;2;3;2;3;1;3;2;3;3;3;3;1;3;2;1;1;2;2;3;3;0;0;0;0;8;10;23;10;7;14;16;10;15;18;23;15;18;14;20;9;32;20;22;25;24;33;33;30;35;38;38;44
285;heuristic;34;164000;1;3;1;3;1;3;1;2;2;3;1;2;1;1;1;1;3;2;3;3;3;2;2;2;2;3;1;2;1;3;0;0;0;0;1;1;5;1;10;4;5;6;9;12;11;3;12;14;11;16;14;16;20;26;26;24;20;26;27;30;27;34
286;heuristic;50;144000;1;3;2;2;3;2;3;3;3;3;2;2;1;1;1;2;3;1;2;3;3;3;3;2;2;3;1;2;1;1;0;0;0;0;20;5;11;18;5;27;11;15;21;25;24;28;29;34;31;5;25;27;43;34;36;43;34;43;46;49;47;50
287;heuristic;50;180000;3;2;3;3;3;1;3;3;3;3;3;1;2;3;3;1;3;2;1;1;3;1;3;1;3;1;3;1;3;1;0;0;0;0;9;10;17;5;21;10;19;28;20;30;21;24;35;24;12;30;40;27;37;39;45;36;38;40;46;42;45;50
288;heuristic;36;147000;3;1;3;3;1;2;2;1;3;2;3;3;2;1;3;2;3;3;3;2;2;3;1;3;2;2;3;1;2;1;0;0;0;0;1;9;11;11;17;20;1;10;11;7;27;18;1;18;22;11;15;24;16;30;28;26;31;27;34;31;34;36
289;heuristic;38;160000;1;1;3;3;2;2;3;3;3;1;3;1;1;2;2;3;3;3;3;3;3;3;2;3;3;3;2;3;2;1;0;0;0;0;2;9;3;3;2;16;10;10;17;14;11;18;16;18;12;18;26;26;27;25;18;28;27;32;31;35;37;38
290;heuristic;40;146000;1;2;3;2;3;3;3;3;1;2;3;2;3;1;3;1;2;1;2;1;3;3;2;3;2;2;3;3;1;2;0;0;0;0;9;1;9;13;2;14;9;2;10;10;19;15;16;22;21;15;23;20;1;21;19;25;27;28;31;38;30;40
291;heuristic;45;184000;3;1;1;3;3;3;3;2;1;3;3;3;3;2;3;3;3;3;3;1;3;3;1;3;3;1;3;1;1;3;0;0;0;0;2;8;2;11;8;15;18;24;10;11;19;24;8;34;20;31;18;19;19;30;19;31;29;30;43;41;39;45
292;heuristic;37;179000;1;3;2;1;3;3;3;3;3;3;1;3;3;2;2;2;3;1;1;3;3;3;3;1;3;2;3;1;2;1;0;0;0;0;1;4;4;11;1;10;1;9;10;10;16;12;18;12;18;24;28;19;19;19;28;28;28;24;31;36;34;37
293;heuristic;43;181000;3;2;2;1;1;2;2;3;1;1;3;3;3;3;3;3;3;2;2;1;3;3;2;3;2;1;3;3;1;3;0;0;0;0;8;8;8;10;18;9;27;10;14;8;10;10;10;20;20;27;25;24;14;32;26;30;35;24;32;41;34;43
294;heuristic;42;154000;2;1;3;3;3;1;2;2;1;1;3;3;3;2;3;3;3;1;1;3;3;1;3;3;2;1;3;3;3;2;0;0;0;0;8;7;7;16;7;17;19;8;8;8;24;7;18;17;27;18;26;20;18;20;30;20;24;24;33;34;37;42
295;heuristic;49;168000;3;2;3;3;1;1;1;1;3;2;3;3;2;3;1;3;3;3;2;3;3;3;3;3;3;3;3;1;2;1;0;0;0;0;8;5;11;12;15;17;26;16;17;8;13;20;25;22;38;36;26;25;35;29;13;38;38;36;45;44;44;49
296;heuristic;49;162000;1;2;3;2;1;1;1;3;1;3;3;3;3;3;3;3;3;3;3;1;3;1;3;1;3;2;3;1;2;3;0;0;0;0;8;14;4;9;11;12;14;4;23;12;10;11;19;15;32;32;21;19;29;31;23;21;27;32;42;42;40;49
297;heuristic;32;155000;3;1;2;3;1;3;1;2;3;1;1;3;3;2;3;2;1;3;3;3;2;1;2;3;1;1;1;3;3;2;0;0;0;0;8;3;21;3;7;4;13;7;12;3;8;9;15;11;16;7;13;22;18;22;15;19;19;25;26;22;29;32
298;heuristic;36;162000;3;2;1;3;3;1;3;1;1;3;3;3;2;3;3;2;3;3;2;1;2;3;3;3;3;3;2;2;1;1;0;0;0;0;5;5;15;5;15;16;1;17;24;1;19;15;17;19;14;23;31;31;7;23;27;22;28;32;32;33;33;36
299;heuristic;38;142000;1;1;3;1;3;1;1;3;1;2;1;3;3;3;3;1;1;3;3;1;2;3;3;3;3;1;2;3;1;1;0;0;0;0;1;8;5;9;9;13;14;17;5;5;1;24;11;17;12;15;18;13;21;20;21;31;31;30;21;37;32;38
300;heuristic;42;192000;3;3;3;1;1;1;1;1;3;3;3;1;3;3;3;2;3;1;1;2;3;1;2;1;2;3;3;2;2;3;0;0;0;0;7;13;13;15;16;9;7;7;17;19;14;21;26;19;24;21;14;27;27;22;25;30;27;26;36;37;37;42
301;heuristic;42;180000;3;3;1;3;1;2;3;1;3;3;3;3;3;3;2;2;1;1;3;2;2;3;2;2;3;3;3;3;1;1;0;0;0;0;10;5;10;9;18;14;19;5;20;19;5;15;24;28;20;26;21;30;31;21;27;22;30;29;32;38;38;42
302;heuristic;44;176000;1;3;3;2;1;2;2;1;3;2;2;3;3;3;2;3;3;3;3;1;1;2;3;2;2;3;2;2;3;1;0;0;0;0;2;5;8;16;16;6;19;16;18;19;27;24;29;9;8;33;28;28;17;22;37;30;34;30;38;36;42;44
303;heuristic;38;159000;1;2;2;3;3;3;3;1;2;3;1;1;2;3;3;3;1;2;1;3;3;3;1;2;1;2;3;3;1;3;0;0;0;0;7;6;6;16;6;10;3;16;14;17;7;18;17;20;16;19;21;20;9;21;20;23;23;27;26;34;28;38
304;heuristic;41;162000;3;3;1;3;1;1;1;3;3;2;3;3;3;1;3;3;1;2;1;3;3;1;2;3;2;3;1;3;3;1;0;0;0;0;2;11;13;18;20;20;28;18;20;13;11;13;2;28;21;24;28;28;32;11;21;28;22;32;33;32;37;41
305;heuristic;36;164000;1;1;1;2;2;3;3;2;1;2;3;3;1;3;1;3;3;3;2;3;3;1;1;3;3;3;3;3;1;3;0;0;0;0;2;6;2;3;9;2;18;2;2;9;10;10;10;6;15;15;18;16;22;3;6;25;23;16;24;31;22;36
306;heuristic;40;161000;3;3;3;3;3;2;1;1;3;1;3;3;1;3;3;3;1;3;2;1;2;2;1;3;2;3;1;3;2;1;0;0;0;0;10;7;19;10;17;17;15;18;22;26;16;10;16;24;15;25;10;25;25;25;29;31;25;31;31;37;33;40
307;heuristic;48;169000;1;2;3;1;3;3;1;3;3;3;2;2;3;3;3;1;3;3;1;1;3;2;3;3;3;3;3;3;3;1;0;0;0;0;1;1;3;4;8;8;6;8;16;16;16;26;21;15;24;24;27;33;27;24;9;34;26;16;31;32;40;48
308;heuristic;41;160000;3;1;3;3;1;2;1;1;3;2;3;1;3;3;3;1;3;3;3;2;3;2;3;1;2;1;1;2;1;1;0;0;0;0;1;10;10;15;10;11;9;17;19;24;12;24;20;17;24;11;20;21;27;30;30;32;34;38;39;36;40;41
309;heuristic;48;185000;1;3;3;1;2;3;3;2;3;3;3;1;2;3;1;3;3;1;2;3;3;3;3;1;3;3;3;3;2;3;0;0;0;0;3;9;13;23;7;5;12;13;22;17;17;21;27;17;31;34;13;26;3;31;37;23;25;35;26;43;41;48
310;heuristic;41;147000;3;3;1;3;1;1;1;1;3;3;1;3;2;3;3;2;3;3;3;3;3;1;3;3;2;3;2;1;1;1;0;0;0;0;3;3;7;10;7;12;8;8;3;13;13;12;10;12;18;27;21;21;31;19;32;38;33;33;38;38;39;41
311;heuristic;43;141000;1;2;3;3;1;3;1;3;1;1;1;3;3;1;3;3;3;2;1;2;3;3;2;1;3;1;3;3;2;1;0;0;0;0;4;5;5;6;6;12;8;11;8;14;12;13;16;25;24;16;25;18;23;6;31;32;25;32;33;33;41;43
312;heuristic;44;143000;3;3;1;2;3;3;1;3;1;1;3;3;1;2;1;3;3;2;2;2;1;1;3;3;3;2;3;2;2;3;0;0;0;0;4;4;6;6;4;9;12;5;13;13;14;15;23;17;32;15;19;32;21;27;36;19;21;35;39;41;23;44
313;heuristic;35;146000;1;2;2;1;2;1;2;2;2;1;1;1;2;2;2;2;1;1;2;1;2;1;3;1;1;3;2;1;3;1;0;0;0;0;4;4;5;4;15;5;10;10;15;16;13;10;15;7;24;17;17;20;20;23;25;32;24;24;33;20;33;35
314;heuristic;34;140000;3;1;1;1;1;2;2;1;1;3;1;3;2;2;2;3;2;1;2;3;2;2;2;2;1;2;1;3;1;1;0;0;0;0;4;7;10;16;9;9;16;12;3;12;21;13;13;13;10;12;28;22;23;19;21;25;28;28;25;31;32;34
315;heuristic;40;144000;1;3;3;2;1;1;3;1;1;1;3;3;1;1;3;3;2;3;2;1;1;1;1;2;1;3;2;1;1;2;0;0;0;0;2;5;8;8;8;13;23;13;8;16;18;22;18;23;23;31;22;28;28;33;34;34;24;31;37;37;37;40
316;heuristic;33;156000;3;2;1;1;1;3;2;3;1;1;3;1;2;1;1;2;1;1;2;3;1;2;2;1;1;1;2;1;1;3;0;0;0;0;2;10;2;5;1;2;7;7;10;8;13;16;15;13;13;20;17;25;15;26;17;26;17;28;32;32;23;33
317;heuristic;37;148000;3;1;2;3;1;3;1;1;2;3;1;1;2;3;2;1;2;1;1;1;3;1;1;2;2;1;3;2;1;1;0;10;0;0;1;11;1;1;6;10;17;9;17;17;11;21;17;23;24;13;26;19;29;30;13;24;30;28;36;34;33;37
318;heuristic;32;169000;2;1;3;3;3;1;1;2;1;3;3;1;2;3;3;1;1;2;1;2;3;2;1;1;1;3;1;2;2;1;0;4;0;0;4;8;7;1;8;8;10;19;4;17;15;13;22;1;20;25;5;8;10;29;14;19;19;24;30;30;30;32
319;heuristic;39;168000;1;2;2;2;3;1;1;3;1;1;2;1;3;1;1;2;1;2;3;2;2;3;3;2;1;2;1;2;1;3;0;0;0;0;12;4;2;4;4;7;10;10;10;18;12;18;16;13;20;25;19;28;25;13;24;14;33;30;34;34;20;39
320;heuristic;30;148000;1;2;3;1;1;2;3;1;2;1;2;3;1;2;3;2;1;2;1;2;2;3;1;1;1;1;1;2;1;2;0;0;0;0;5;3;6;6;5;3;8;19;6;10;13;11;6;12;14;10;14;15;16;16;19;20;25;20;24;28;24;30
321;heuristic;42;163000;2;2;1;3;1;1;1;2;2;3;3;2;3;3;3;1;1;3;1;1;2;2;1;2;2;1;3;1;3;1;0;0;2;0;8;8;13;22;2;11;2;23;11;1;13;13;11;15;22;11;15;17;29;17;29;25;31;23;32;31;36;42
322;heuristic;38;166000;1;1;3;1;3;2;2;2;1;1;3;3;3;2;3;3;2;2;1;1;1;1;3;1;1;1;1;2;1;3;0;0;0;0;1;5;5;7;6;6;10;16;8;10;18;8;19;18;19;25;16;18;19;28;24;26;22;30;30;36;29;38
323;heuristic;35;168000;1;2;3;1;3;3;1;2;2;3;3;1;3;2;1;2;3;2;1;1;1;1;1;3;2;1;1;3;3;1;0;0;2;0;2;9;11;4;11;17;10;14;18;8;18;21;18;23;23;23;26;32;28;28;27;26;30;31;30;21;34;35
324;heuristic;26;166000;3;3;1;2;1;3;2;1;3;3;3;3;2;1;2;2;1;2;3;2;3;1;2;2;1;1;1;1;2;1;0;0;0;0;8;4;4;4;6;8;8;9;10;4;15;12;11;15;16;16;9;17;17;16;15;20;22;24;23;21;25;26
325;heuristic;37;170000;1;1;1;1;2;3;1;1;1;2;3;3;2;3;3;1;1;1;2;3;1;1;2;1;3;2;3;1;1;2;0;0;4;0;4;9;3;5;24;18;19;19;5;11;13;24;13;17;21;17;25;22;30;32;25;26;28;28;34;33;35;37
326;heuristic;28;163000;3;1;3;1;1;1;1;2;2;3;3;1;1;3;1;2;3;2;2;2;1;1;2;1;3;1;2;1;3;1;0;0;0;0;10;12;2;2;7;7;14;13;6;10;4;11;11;10;14;18;12;15;15;19;20;16;20;16;25;23;24;28
327;heuristic;35;170000;3;3;1;1;2;2;3;2;1;2;3;1;1;1;2;1;3;2;1;2;2;3;2;1;1;1;3;3;1;1;0;0;0;0;3;7;3;6;6;11;15;13;7;13;6;13;16;11;23;13;16;21;20;20;17;19;24;19;28;29;30;35
328;heuristic;30;154000;2;3;1;2;1;1;1;1;3;1;1;3;1;2;2;2;2;1;2;1;3;2;3;1;3;2;2;1;3;1;0;0;0;0;3;3;3;7;4;4;12;18;7;8;14;5;9;20;12;17;12;20;20;18;14;14;20;17;27;22;26;30
329;heuristic;29;146000;1;3;2;1;3;1;2;2;3;1;3;3;3;2;1;2;3;2;1;2;1;1;1;2;2;3;2;1;1;1;0;0;0;0;2;5;5;2;5;4;8;7;10;16;4;16;12;13;16;16;20;25;24;18;22;25;15;18;25;27;26;29
330;heuristic;28;145000;2;1;2;3;2;3;1;2;3;1;3;1;1;2;3;1;2;1;2;3;1;3;1;2;1;2;1;1;2;1;0;0;0;0;2;2;4;4;5;4;4;5;5;12;4;2;10;10;14;10;15;12;16;15;19;14;16;22;27;21;25;28
331;heuristic;31;170000;3;1;1;2;1;1;2;2;2;1;2;1;2;1;3;2;3;3;3;2;2;3;3;3;1;1;1;1;1;2;0;0;0;0;5;6;5;6;9;7;6;6;6;10;8;8;11;13;7;16;14;12;10;16;20;21;20;25;25;28;25;31
332;heuristic;36;153000;2;1;1;1;1;1;3;1;1;2;2;3;1;1;2;2;1;1;3;3;3;2;1;1;1;3;1;3;1;3;0;0;0;0;2;3;4;2;4;2;8;11;5;12;10;10;2;12;14;18;11;11;16;17;25;22;22;26;22;29;26;36
333;heuristic;29;163000;3;1;1;3;1;1;3;1;2;1;1;3;3;3;2;1;1;2;1;1;2;2;2;2;3;2;3;1;3;1;0;0;0;0;6;1;4;6;7;1;12;17;1;17;2;9;26;19;14;9;17;15;14;20;22;18;26;7;27;20;27;29
334;heuristic;32;154000;2;1;3;3;3;3;1;2;1;1;3;1;1;3;3;3;2;1;1;2;1;1;1;2;1;3;3;1;1;2;0;0;0;0;3;3;1;8;1;8;9;9;9;13;8;11;13;8;18;13;10;20;16;13;17;27;17;18;29;27;26;32
335;heuristic;26;151000;1;1;2;2;3;2;3;2;2;3;2;2;3;2;2;3;2;1;2;3;1;1;2;1;1;1;1;2;1;1;0;0;0;0;1;1;3;3;10;11;1;1;7;12;7;12;3;9;18;11;19;16;15;19;19;17;22;21;24;24;24;26
336;heuristic;27;173000;2;1;1;2;3;1;3;1;1;2;3;3;1;2;3;1;3;1;1;2;1;1;3;1;1;1;2;3;3;2;0;0;0;0;1;1;1;2;8;10;6;2;1;8;2;1;12;10;12;18;12;14;16;11;19;18;18;20;18;24;18;27
337;heuristic;44;169000;3;1;1;3;1;1;1;1;3;3;3;3;2;1;1;1;1;1;3;3;1;3;2;3;1;1;2;2;2;1;0;0;0;0;4;2;8;15;22;15;15;22;8;8;4;25;22;16;27;2;22;32;5;32;25;34;29;30;37;36;36;44
338;heuristic;28;162000;1;3;1;1;3;2;1;2;3;2;3;3;1;1;2;2;3;3;1;2;1;1;1;2;2;2;1;2;2;1;0;0;0;0;1;1;5;5;8;5;8;2;6;11;11;10;15;14;17;14;17;11;17;16;19;17;17;22;25;25;24;28
339;heuristic;33;163000;1;1;3;3;1;2;1;1;1;1;3;1;2;3;1;2;3;3;1;3;1;3;3;3;2;1;2;2;2;3;0;0;0;5;2;2;3;7;3;8;11;12;5;10;19;11;13;3;12;21;11;13;15;14;19;11;25;19;32;24;23;33
340;heuristic;34;179000;3;3;1;3;1;3;1;3;1;3;3;3;1;1;2;3;2;2;1;2;2;1;2;1;1;3;1;1;1;2;0;0;0;0;6;6;6;15;6;19;14;13;4;23;15;19;19;22;19;23;13;25;18;28;21;25;23;32;33;29;25;34
341;heuristic;38;159000;3;1;3;2;3;1;3;1;1;2;1;1;1;1;2;3;2;3;1;3;1;3;1;3;2;1;1;2;1;1;0;0;0;0;6;6;8;6;6;9;9;16;10;15;17;23;17;17;17;22;23;23;23;17;27;24;32;27;32;33;31;38
342;heuristic;30;166000;2;1;1;3;2;1;1;3;3;1;3;3;1;1;1;1;1;1;1;3;1;1;1;3;1;2;3;3;1;3;0;0;0;0;1;1;9;7;10;7;7;8;8;8;12;15;10;10;18;12;7;15;16;16;7;17;16;20;20;28;18;30
343;heuristic;41;172000;3;3;1;1;2;3;3;3;1;3;1;3;1;1;2;1;3;2;3;1;3;1;1;2;3;1;2;1;1;1;0;0;0;0;9;9;10;13;13;13;14;20;21;20;21;29;29;10;20;20;31;23;33;32;20;29;33;32;36;40;40;41
344;heuristic;27;160000;3;1;3;2;3;3;1;1;1;1;3;3;3;1;1;3;2;2;1;3;1;3;2;1;3;3;1;1;1;2;0;0;0;11;4;8;4;4;8;8;10;11;8;8;13;14;8;13;15;21;10;22;14;18;21;17;11;23;24;24;24;27
345;heuristic;34;152000;1;3;1;1;3;1;1;2;3;2;2;3;3;1;1;2;1;3;1;2;2;1;1;2;1;3;3;1;1;1;0;0;0;0;7;6;5;6;7;5;15;6;13;14;20;15;14;13;11;21;17;16;20;21;25;24;24;21;32;31;29;34
346;heuristic;33;131000;1;1;3;3;1;1;1;2;3;2;1;1;1;1;3;3;2;3;3;2;3;1;1;2;1;2;2;2;3;1;0;0;0;0;1;4;6;7;7;1;14;10;8;8;13;6;9;16;9;7;18;13;20;25;18;18;20;20;25;25;27;33
347;heuristic;29;167000;1;1;2;2;1;3;2;2;2;3;3;1;2;2;1;1;3;1;1;1;1;3;2;1;1;1;1;3;2;3;0;0;0;0;6;1;6;6;1;6;1;3;10;10;14;12;15;2;17;13;10;17;19;14;20;20;17;25;22;26;17;29
348;heuristic;25;153000;1;1;1;1;1;1;2;3;3;2;2;1;2;2;1;3;2;3;2;3;2;1;3;3;1;2;1;3;2;1;0;0;0;0;4;1;4;6;8;6;1;4;1;1;6;6;6;8;9;9;12;6;14;18;9;16;19;19;20;20;24;25
349;heuristic;35;167000;3;3;1;1;1;1;1;1;2;2;1;3;1;1;1;3;3;3;3;3;3;2;2;2;3;3;2;1;1;1;0;0;0;0;1;8;2;11;3;8;17;13;3;13;3;17;8;17;12;20;5;20;17;16;13;23;18;24;29;29;30;35
350;heuristic;36;190000;2;3;1;1;3;1;1;3;3;1;3;3;1;2;3;2;1;1;1;3;1;1;3;2;1;1;3;1;1;1;0;0;0;0;2;5;7;7;5;5;12;14;14;9;14;12;13;20;20;25;16;24;20;25;25;26;26;25;34;34;28;36
351;heuristic;35;187000;3;1;3;2;2;3;2;1;3;1;1;1;1;1;3;2;1;1;2;1;2;3;1;3;1;1;3;1;3;3;0;0;0;0;1;5;1;5;5;8;15;17;8;6;9;8;8;12;17;9;21;15;21;17;17;21;25;18;28;29;28;35
352;heuristic;31;165000;1;1;1;3;1;2;1;2;1;3;2;1;2;3;1;1;3;3;3;1;2;1;1;1;1;3;3;1;2;1;0;0;0;0;1;1;1;2;7;1;16;7;7;10;11;11;15;2;10;20;11;11;20;16;18;26;1;16;24;24;30;31
353;heuristic;40;146000;3;1;3;1;1;1;3;1;3;3;1;3;1;2;1;3;1;1;3;1;3;2;2;1;1;1;1;1;3;1;0;0;0;0;9;7;10;1;11;11;15;26;11;21;21;12;1;17;28;15;25;17;34;28;31;22;36;26;38;30;38;40
354;heuristic;48;148000;3;1;1;1;1;1;1;2;3;1;2;1;1;1;2;3;1;1;1;3;1;2;3;2;3;3;3;3;1;2;0;3;0;1;1;14;3;4;15;9;8;19;29;9;2;10;19;25;13;32;35;28;35;14;24;29;30;37;40;41;42;48
355;heuristic;42;164000;3;1;3;2;2;2;1;1;1;1;1;1;1;3;1;1;1;2;3;1;3;2;1;3;2;1;3;2;3;2;0;0;0;11;8;3;3;6;13;11;16;9;22;12;13;20;18;19;25;23;32;15;21;32;30;34;38;30;38;35;41;42
356;heuristic;49;1800000;2;3;2;2;3;1;1;3;1;3;1;3;3;1;1;2;1;2;1;1;1;1;1;3;1;2;2;1;1;3;0;0;0;7;10;7;20;7;16;23;29;16;13;20;17;21;25;34;12;33;45;33;27;46;37;34;38;41;47;46;37;49
357;heuristic;41;132000;3;3;1;2;3;3;1;1;3;1;1;1;2;2;3;1;3;2;3;3;1;1;1;1;1;1;3;1;3;3;0;0;5;0;5;7;16;14;4;7;2;21;23;5;32;16;22;16;14;18;23;27;32;30;25;26;36;32;37;37;36;41
358;heuristic;46;139000;3;1;2;2;2;3;2;1;1;3;1;1;2;1;3;2;1;2;1;2;3;1;1;3;1;1;3;1;1;1;0;0;0;5;6;1;1;11;15;5;19;30;17;23;28;10;19;32;23;21;36;21;31;29;36;32;40;34;43;45;44;46
359;heuristic;46;161000;1;3;3;1;3;2;2;1;1;3;3;3;1;2;1;2;3;1;1;3;1;1;1;3;1;1;1;1;1;1;0;0;0;0;7;17;7;42;14;17;10;18;23;35;18;26;18;10;32;27;30;30;34;32;35;41;41;43;42;43;45;46
360;heuristic;48;145000;3;3;1;3;2;1;1;2;1;3;2;1;2;3;1;3;3;1;2;2;1;1;3;2;3;2;1;1;3;1;0;0;0;0;1;11;15;9;9;11;21;16;12;31;15;24;1;21;26;16;29;37;29;38;44;31;36;46;46;38;47;48
361;heuristic;42;157000;2;3;1;3;2;1;1;2;2;3;1;1;3;3;1;3;1;3;3;1;2;3;1;3;2;1;1;1;1;1;0;0;0;0;9;16;7;5;19;10;27;16;33;12;8;19;20;27;19;27;35;12;8;29;34;33;38;37;41;39;41;42
362;heuristic;42;179000;1;1;3;1;1;3;1;3;1;3;3;2;1;3;2;1;1;1;1;1;3;1;3;3;3;1;1;1;1;2;0;0;0;1;4;2;10;6;7;2;5;6;21;26;18;11;9;16;18;24;33;24;25;35;25;27;28;32;37;37;33;42
363;heuristic;33;155000;1;1;1;1;1;3;3;1;1;1;3;3;1;1;1;1;1;3;3;2;1;2;1;3;1;3;3;3;3;3;0;0;0;0;2;2;3;4;1;4;3;3;15;5;7;9;12;8;8;10;13;13;12;16;16;22;15;16;25;24;25;33
364;heuristic;40;176000;1;1;3;2;1;3;1;1;1;1;3;3;1;3;1;1;1;3;1;1;1;3;3;3;1;2;3;2;1;2;0;0;0;0;2;6;8;1;7;6;10;12;10;13;15;21;19;11;15;18;27;22;13;23;29;29;29;23;34;33;37;40
365;heuristic;30;173000;1;2;2;1;1;1;2;1;3;1;1;1;1;3;2;3;2;3;3;1;3;3;3;1;2;1;2;1;1;1;0;0;0;0;4;9;5;2;9;11;6;11;9;17;10;13;21;13;20;13;20;11;20;13;22;24;20;21;29;27;28;30
366;heuristic;37;170000;1;1;1;3;1;1;3;3;3;1;1;3;1;2;1;3;1;2;1;3;1;1;3;3;1;3;1;3;2;1;0;0;0;0;3;11;22;3;2;12;9;14;2;25;12;20;12;12;20;3;22;31;26;20;26;29;22;31;26;33;35;37
367;heuristic;33;172000;1;2;1;2;1;1;2;3;1;2;3;1;2;1;3;2;2;2;3;3;2;1;1;3;2;1;3;1;1;1;0;0;23;0;6;9;4;1;1;7;9;17;10;1;10;7;17;9;17;15;15;23;25;25;9;26;29;16;31;29;29;33
368;heuristic;33;157000;1;3;3;1;1;3;1;1;2;3;3;3;1;1;1;2;1;1;1;3;3;3;1;1;3;1;3;1;1;1;0;0;0;0;1;2;2;5;3;6;20;10;6;10;15;15;16;16;5;18;17;17;17;25;31;24;24;20;29;32;29;33
369;heuristic;43;1731000;1;1;1;1;1;2;3;1;1;1;2;2;3;1;3;3;1;3;3;2;1;1;1;1;3;1;2;3;2;1;0;6;0;0;6;9;4;11;10;11;12;13;13;13;17;34;21;24;26;17;31;29;26;30;34;25;21;35;34;40;36;43
370;heuristic;33;187000;2;2;1;3;3;1;3;3;2;1;1;3;3;1;3;2;1;2;1;3;1;2;1;1;1;2;3;3;2;1;0;0;0;0;1;1;11;3;2;3;10;12;17;12;10;15;15;12;21;18;14;23;13;23;17;25;29;19;25;25;31;33
371;heuristic;40;166000;2;3;2;1;1;1;1;3;3;1;1;3;1;1;3;1;1;1;3;1;1;1;3;1;2;1;1;3;3;2;0;0;0;0;6;8;10;6;8;11;15;20;11;10;22;10;18;27;29;22;18;28;32;19;25;29;32;31;34;34;38;40
372;heuristic;37;151000;1;2;3;1;2;1;2;3;3;1;3;1;2;2;1;1;3;1;1;3;3;1;3;2;1;1;1;2;2;1;0;0;0;0;7;10;12;3;10;7;14;14;9;12;25;16;17;23;21;20;20;23;25;20;23;29;31;26;32;32;34;37
373;heuristic;39;168000;1;1;2;3;1;3;3;2;1;3;1;3;2;1;2;3;3;2;1;3;3;1;3;1;1;1;1;3;3;1;0;0;0;0;1;6;12;10;1;2;10;2;4;11;5;4;12;6;22;12;18;15;16;15;24;27;23;29;28;29;31;39
374;heuristic;29;164000;3;1;2;2;1;2;1;3;3;3;1;3;1;2;2;1;1;1;3;1;1;1;3;1;2;1;3;2;3;2;0;2;0;2;5;11;2;9;15;3;5;13;7;11;10;12;16;20;14;12;23;19;14;18;22;24;24;21;27;25;22;29
375;heuristic;29;159000;1;1;2;1;1;3;3;1;1;1;1;2;2;1;1;1;1;3;1;1;1;3;3;2;1;3;2;3;2;3;0;0;0;0;5;1;7;6;1;2;3;5;18;1;10;15;11;11;10;14;16;21;15;10;6;20;20;23;25;23;20;29
376;heuristic;38;163000;3;1;1;1;1;1;2;3;3;2;1;1;1;3;1;1;2;1;1;1;2;2;3;2;2;3;2;3;2;1;0;0;0;0;7;1;2;1;3;5;7;15;12;15;5;17;16;16;20;12;9;23;13;21;21;20;21;28;30;33;29;38
377;heuristic;26;152000;1;2;1;3;2;2;2;1;3;3;1;1;3;1;3;1;2;1;1;1;3;3;2;3;1;2;1;1;1;1;0;0;0;0;1;3;3;4;10;4;4;10;13;14;15;10;19;3;18;12;12;15;13;15;23;18;20;23;21;25;25;26
378;heuristic;34;163000;2;3;1;2;3;1;2;3;3;1;1;1;3;1;2;1;3;2;2;3;1;1;2;1;3;1;2;1;3;1;0;0;0;0;8;5;9;19;12;14;12;18;10;12;14;21;15;19;25;22;10;16;18;22;28;26;26;30;31;26;30;34
379;heuristic;28;1741000;1;3;2;1;1;3;1;2;1;1;1;3;2;1;2;3;1;3;1;3;2;2;2;1;2;1;3;1;1;1;0;0;0;0;1;2;2;8;4;9;4;7;2;15;23;13;20;15;2;11;14;17;17;17;11;20;25;15;20;25;26;28
380;heuristic;38;174000;3;1;3;1;3;1;3;3;1;3;1;3;1;1;1;2;2;3;1;2;1;1;1;2;1;1;3;1;3;3;0;0;0;0;2;10;8;2;9;9;18;13;13;15;19;25;17;13;2;17;28;24;34;23;24;28;27;33;37;32;28;38
381;heuristic;34;203000;2;2;3;1;1;1;3;3;1;3;3;1;3;1;1;3;1;2;3;3;3;3;2;1;1;2;1;3;1;2;0;0;0;0;2;2;4;11;2;6;7;9;7;19;11;20;4;16;13;20;9;25;17;22;15;23;21;25;21;29;29;34
382;heuristic;42;161000;2;1;2;2;1;3;3;2;3;1;3;3;1;2;3;3;3;2;1;2;1;2;1;1;1;2;1;1;1;2;0;0;0;0;8;18;1;18;18;1;25;10;10;21;27;27;9;16;22;22;26;35;27;29;31;37;37;36;40;41;33;42
383;heuristic;28;159000;3;1;1;2;2;2;3;1;2;3;3;1;1;3;1;3;3;2;1;1;3;1;3;1;3;1;2;3;1;2;0;0;0;0;4;2;3;10;4;8;5;2;8;18;10;5;12;13;10;11;19;14;21;10;23;8;22;18;21;23;26;28
384;heuristic;30;170000;2;2;1;3;3;1;1;3;3;2;1;3;3;3;2;1;2;3;1;1;2;3;1;1;2;3;1;2;1;3;0;0;0;0;6;9;1;6;1;3;1;6;7;6;3;3;8;7;16;9;10;16;10;14;16;23;18;23;24;26;25;30
385;heuristic;35;156000;3;2;1;1;1;3;3;2;3;3;1;3;1;3;2;2;1;1;1;3;3;1;2;1;2;1;1;2;3;1;0;0;0;0;4;10;12;7;2;16;10;5;4;13;18;18;21;18;22;25;16;4;25;26;28;27;27;29;30;25;30;35
386;heuristic;24;137000;3;2;1;3;3;2;1;3;3;3;1;2;3;1;3;1;3;2;3;2;1;2;1;1;1;1;1;1;1;1;0;0;0;0;1;6;9;4;1;9;9;12;4;17;4;8;17;15;11;6;10;11;17;19;16;18;19;20;23;20;22;24
387;heuristic;25;169000;2;1;3;3;2;3;2;1;1;3;2;3;2;3;3;1;1;2;3;1;1;2;1;1;2;1;2;1;3;1;0;0;0;0;1;1;6;4;6;14;6;15;1;11;14;11;6;7;4;7;13;14;15;18;19;11;17;19;24;17;22;25
388;heuristic;31;172000;3;1;1;2;3;1;1;1;1;1;1;1;3;1;3;1;1;3;3;1;3;3;2;3;3;1;1;1;1;1;0;0;0;0;3;9;1;1;1;9;2;2;3;4;6;4;12;9;13;12;3;10;6;10;19;17;16;17;25;25;28;31
389;heuristic;32;148000;1;2;1;2;1;1;3;3;1;3;3;3;2;2;3;1;1;2;1;2;3;1;1;3;2;1;1;2;3;2;0;0;0;0;2;2;4;2;5;5;4;4;5;14;11;6;6;16;11;16;17;10;21;22;17;16;24;26;24;30;25;32
390;heuristic;28;143000;3;1;1;1;1;1;2;2;3;2;1;1;1;2;3;3;1;1;3;3;2;2;1;2;1;1;1;2;1;3;0;0;0;0;6;4;7;11;4;1;9;8;10;18;9;12;12;12;19;18;6;13;17;19;13;20;18;22;22;27;17;28
391;heuristic;37;166000;1;3;2;1;1;1;2;1;1;1;2;3;3;2;1;2;3;3;2;3;3;1;1;2;3;1;1;1;2;3;0;0;4;4;7;8;12;13;17;10;23;12;17;13;18;23;14;12;19;18;24;13;28;22;23;24;32;27;34;32;30;37
392;heuristic;28;162000;2;2;1;1;1;1;3;2;3;1;1;3;2;2;3;2;2;3;1;1;3;1;3;1;3;2;1;2;1;1;0;0;0;0;2;2;9;3;4;2;13;8;6;6;12;8;9;12;3;15;18;14;20;13;20;19;21;19;23;26;26;28
393;heuristic;33;122000;1;2;2;3;2;1;1;1;1;1;1;1;1;1;2;3;1;1;2;1;2;1;1;2;1;2;1;3;2;3;0;0;0;5;7;5;5;15;12;13;14;20;13;13;13;17;5;20;23;7;23;18;25;28;28;18;25;19;27;32;25;33
394;heuristic;49;122000;3;3;1;2;1;1;1;2;3;1;2;3;1;1;2;2;2;1;2;1;1;1;2;1;1;1;1;2;1;3;0;0;0;0;13;21;6;23;8;11;23;27;11;25;21;11;21;18;13;27;27;34;30;34;31;39;36;40;34;42;42;49
395;heuristic;35;130000;1;1;2;1;1;2;1;2;2;3;1;1;1;2;1;1;2;1;1;1;2;1;2;1;1;2;1;3;1;2;0;0;0;1;7;1;3;11;3;9;1;11;8;14;9;12;8;14;20;22;24;20;12;13;20;26;19;29;24;32;29;35
396;heuristic;37;142000;3;1;3;1;1;1;1;2;3;1;2;2;1;3;2;1;1;2;1;1;1;3;1;1;1;3;1;2;3;1;0;0;0;0;6;8;10;6;11;11;15;12;8;22;11;21;17;23;16;29;24;29;27;21;23;27;25;32;33;31;36;37
397;heuristic;37;160000;3;3;1;1;1;1;1;3;2;2;1;3;1;1;1;2;1;1;3;1;2;1;1;1;3;2;1;2;1;1;0;0;0;0;7;10;10;14;7;18;17;9;14;21;12;20;14;14;16;22;21;27;22;24;26;22;33;30;30;31;35;37
398;heuristic;31;135000;1;1;2;1;1;1;1;2;2;3;1;1;3;3;1;1;3;1;1;1;2;1;2;2;2;1;2;1;1;1;0;0;0;0;4;6;5;2;5;1;1;9;13;13;9;22;5;11;19;26;23;22;3;25;22;26;13;17;27;30;25;31
399;heuristic;36;162000;3;3;1;3;1;1;1;3;1;1;1;1;1;2;3;1;1;3;1;1;1;3;1;1;2;1;1;1;2;1;0;0;0;0;1;8;1;1;6;13;4;13;19;25;26;6;12;17;17;32;17;20;9;26;21;20;25;28;33;28;33;36
400;heuristic;34;141000;3;1;2;1;1;3;1;2;1;1;2;2;1;3;1;1;1;1;1;1;3;1;2;2;1;1;3;1;1;1;0;7;0;0;6;7;6;2;13;13;4;18;2;21;5;21;16;23;18;2;5;12;21;23;25;22;23;20;31;28;28;34
401;heuristic;33;178000;3;1;1;1;2;1;1;2;1;1;1;3;1;1;1;1;1;2;1;1;2;3;1;1;2;1;1;1;3;1;0;0;0;0;3;8;5;9;3;15;19;8;9;13;12;14;15;14;16;19;26;21;14;19;9;21;26;23;29;24;24;33
402;heuristic;30;153000;3;3;1;2;1;1;2;1;2;2;1;1;1;2;2;2;1;1;1;1;1;1;3;1;1;1;2;2;2;1;0;0;0;0;2;10;2;2;9;11;10;18;9;19;10;24;13;19;11;20;13;20;10;20;18;13;20;25;29;24;26;30
403;heuristic;28;143000;3;1;1;1;1;2;3;1;2;3;1;2;1;1;1;1;3;1;3;2;3;1;1;2;1;1;2;2;1;1;0;0;0;1;4;2;8;6;4;6;8;7;14;15;13;7;17;10;9;6;10;14;13;19;19;14;22;17;21;23;26;28
404;heuristic;37;145000;1;2;2;2;1;1;2;3;2;3;2;1;1;1;2;1;1;1;3;1;1;1;1;3;2;2;1;1;2;1;0;0;0;0;7;7;5;5;2;9;11;18;9;22;11;26;15;23;26;18;13;23;19;25;28;13;26;26;32;34;33;37
405;heuristic;43;149000;3;2;1;1;3;1;1;1;2;1;1;1;1;3;3;3;1;1;2;1;3;1;1;3;1;3;1;1;3;2;0;0;0;0;4;4;4;6;12;8;10;17;12;17;7;16;4;18;18;24;16;18;27;33;18;25;23;40;12;30;42;43
406;heuristic;34;127000;1;2;3;1;2;2;1;1;2;2;2;1;1;1;3;2;3;1;1;3;1;1;1;1;2;1;3;1;1;1;0;0;0;1;8;8;10;14;14;14;18;19;20;18;18;10;5;9;22;25;14;20;23;25;28;27;31;24;32;31;29;34
407;heuristic;37;173000;1;1;3;3;1;1;3;2;3;1;2;2;3;2;3;3;2;1;1;1;1;1;3;2;1;3;1;1;2;2;0;1;0;1;15;6;4;4;2;8;6;8;16;7;14;11;20;13;16;21;10;32;32;25;13;24;21;33;35;28;34;37
408;heuristic;37;162000;1;3;3;1;2;1;1;1;2;3;2;1;1;2;2;2;2;2;1;2;1;1;1;2;1;1;2;1;3;1;0;0;16;7;8;11;8;11;13;17;19;28;19;21;20;22;19;22;19;24;24;28;30;31;29;30;34;35;35;31;36;37
409;heuristic;22;151000;2;1;1;1;1;1;2;1;1;2;1;1;1;2;3;1;2;1;1;3;1;2;2;2;1;1;2;1;1;1;0;0;0;0;1;3;2;3;3;10;1;4;4;6;4;7;5;7;6;11;6;6;7;15;4;13;18;10;14;21;20;22
410;heuristic;27;149000;1;1;1;1;2;3;1;3;1;1;1;1;1;2;1;2;1;1;1;1;2;3;3;1;1;2;2;1;1;1;0;0;0;0;4;3;4;8;4;13;4;13;14;14;16;8;10;16;18;20;14;18;13;16;21;18;21;19;25;24;21;27
411;heuristic;25;160000;3;1;1;1;2;2;2;2;1;2;1;1;1;1;1;2;1;3;3;1;1;1;1;1;1;1;1;1;1;1;0;2;0;0;7;10;9;7;4;10;3;16;8;10;15;11;11;15;2;14;19;11;15;12;16;21;20;23;23;24;22;25
412;heuristic;30;159000;3;2;1;1;2;2;1;1;3;1;2;1;1;1;1;2;2;1;2;1;2;2;2;1;2;2;2;1;1;3;0;1;0;0;7;8;8;15;10;9;13;10;11;10;11;11;18;15;14;14;17;23;15;19;20;22;18;23;29;26;23;30
413;heuristic;32;141000;2;1;3;3;2;1;1;1;2;3;1;2;1;1;1;1;1;2;2;2;1;3;3;1;2;1;3;1;2;2;0;0;0;0;7;1;1;4;8;10;7;15;10;16;9;10;14;18;5;6;22;18;12;9;16;19;17;18;25;28;24;32
414;heuristic;23;140000;2;1;2;2;3;1;2;1;2;2;2;1;1;1;1;2;1;1;1;1;1;1;2;1;2;1;1;1;2;1;0;0;0;0;2;1;7;7;9;1;1;2;5;9;9;8;6;14;12;12;14;15;12;10;16;7;17;16;17;19;17;23
415;heuristic;27;131000;1;1;1;1;1;1;1;1;1;3;3;1;3;2;2;1;1;1;1;1;1;2;1;2;3;3;1;1;1;3;0;0;0;0;2;4;4;4;5;2;1;6;5;4;6;7;13;13;11;13;14;11;14;14;17;13;11;22;23;22;14;27
416;heuristic;51;135000;2;1;3;1;1;2;2;1;2;3;2;2;2;3;1;2;1;1;3;2;2;1;1;1;1;3;1;2;2;1;0;24;0;14;19;23;23;4;10;17;14;28;24;31;41;32;33;25;29;38;29;32;26;34;42;44;40;44;46;48;48;51
417;heuristic;33;129000;1;2;3;1;2;1;3;1;1;1;1;1;2;1;1;1;1;1;1;2;1;1;1;2;2;1;1;1;1;1;0;0;4;2;13;8;6;14;3;12;8;21;11;19;17;17;20;20;22;24;10;17;25;22;26;26;25;30;31;31;30;33
418;heuristic;38;137000;1;3;1;1;2;1;1;1;3;1;2;2;1;2;2;3;2;2;3;1;3;2;1;3;1;1;1;1;1;1;0;0;2;0;12;14;8;16;16;7;22;15;2;8;10;17;23;19;18;25;16;29;29;19;24;23;25;30;33;36;36;38
419;heuristic;26;137000;1;1;1;2;1;1;1;1;3;1;2;1;1;2;1;2;1;2;1;3;1;1;3;1;1;1;2;1;3;2;0;1;2;0;5;2;1;3;11;8;15;14;20;13;9;19;6;22;9;13;13;16;16;8;20;23;20;22;25;17;24;26
420;heuristic;33;145000;3;1;1;1;1;1;3;1;1;3;1;1;1;2;1;2;3;3;1;2;1;1;1;1;1;2;1;1;1;2;0;0;0;0;5;7;13;14;4;19;4;7;13;8;19;9;25;14;13;12;19;21;23;25;22;26;28;28;25;31;31;33
421;heuristic;35;132000;3;2;1;1;1;1;3;1;2;3;3;1;1;1;1;1;1;1;2;1;1;1;2;1;1;1;3;2;1;2;0;0;22;0;5;6;7;13;7;12;13;11;15;17;8;21;16;16;18;15;20;21;21;24;21;22;24;20;30;29;30;35
422;heuristic;27;163000;2;3;1;2;1;1;1;2;2;1;1;2;1;1;2;3;1;1;1;2;1;1;1;1;2;2;2;2;1;1;0;1;4;0;9;13;14;10;12;7;16;11;12;15;13;17;12;17;15;20;23;22;16;23;21;21;23;21;20;25;26;27
423;heuristic;32;156000;1;1;1;2;1;2;1;3;1;3;1;2;2;1;3;1;2;1;1;1;2;2;1;1;1;1;3;1;3;2;0;0;0;0;9;6;1;12;10;12;16;5;8;13;17;15;17;21;11;16;9;12;17;20;20;27;27;19;30;24;29;32
424;heuristic;23;142000;2;2;1;1;2;3;2;3;3;1;1;1;1;3;2;1;2;1;1;1;1;1;2;1;1;1;1;1;2;1;0;0;0;0;2;5;4;4;4;5;5;4;8;8;4;8;14;10;10;13;14;15;15;9;13;15;16;19;22;18;18;23
425;heuristic;22;142000;1;2;1;1;1;2;3;1;2;3;1;3;3;1;2;2;1;2;1;1;2;1;1;1;2;2;1;1;1;1;0;0;0;0;3;2;3;2;2;6;9;6;3;11;3;16;7;16;9;10;13;3;10;17;19;13;17;13;20;17;19;22
426;heuristic;29;143000;3;1;3;1;1;1;1;1;1;2;2;3;1;1;1;1;2;2;1;1;1;2;1;1;1;1;1;2;1;2;0;0;0;0;1;5;5;5;6;7;7;8;7;8;7;8;10;8;12;12;10;12;12;16;15;17;23;14;20;25;15;29
427;heuristic;30;157000;2;1;1;1;1;1;3;2;1;3;2;1;2;2;1;3;3;1;2;1;2;1;1;1;2;3;2;2;1;1;0;0;0;0;6;1;8;3;1;3;3;6;10;6;5;8;12;1;11;10;6;7;10;17;17;13;14;24;12;28;24;30
428;heuristic;30;147000;1;1;1;2;1;1;2;1;2;2;1;1;2;1;3;1;1;3;2;1;1;3;1;3;1;1;1;1;2;3;0;0;6;5;4;4;6;8;10;8;10;6;11;7;13;17;8;20;13;17;12;16;16;22;13;19;23;22;28;27;21;30
429;heuristic;30;150000;2;1;2;3;1;3;3;2;3;3;1;3;1;1;2;2;1;1;1;1;2;1;1;1;1;3;1;1;1;1;0;4;0;3;9;4;10;14;10;15;17;8;9;19;5;15;18;22;12;20;19;20;23;21;22;22;24;26;27;29;28;30
430;heuristic;26;142000;2;1;1;1;1;1;1;3;2;3;2;1;1;1;2;2;2;1;1;2;1;2;1;3;2;2;1;1;3;1;0;0;0;0;2;5;5;11;2;4;5;11;8;13;15;15;8;9;13;12;11;17;15;18;15;20;21;24;25;17;24;26
431;heuristic;31;169000;3;1;1;2;1;1;1;3;1;1;3;1;1;1;2;3;1;2;1;1;1;1;1;2;1;1;1;1;1;1;0;0;0;0;3;7;7;13;10;8;8;10;12;18;15;13;20;8;10;19;18;20;20;18;23;20;23;24;26;29;26;31
432;heuristic;29;144000;1;2;1;1;1;1;3;3;1;3;3;1;1;2;2;1;2;1;1;1;3;1;1;3;1;1;1;2;1;2;0;1;0;0;1;3;1;5;2;11;12;13;10;10;12;18;13;12;15;15;21;9;18;19;17;20;21;22;21;27;25;29
433;heuristic;42;135000;1;1;2;1;3;2;1;1;3;3;1;1;2;1;1;1;1;1;1;1;1;1;1;1;3;1;2;1;3;1;0;0;0;3;2;3;2;12;8;15;13;12;8;3;14;15;23;23;22;29;28;30;27;22;26;23;32;28;37;32;37;42
434;heuristic;38;137000;2;3;1;1;1;1;1;1;3;2;1;1;2;1;2;3;2;2;1;1;1;1;1;1;1;2;2;1;3;3;0;0;0;0;3;6;2;1;5;13;6;17;13;8;4;19;6;13;3;18;23;21;20;10;25;22;22;27;32;32;27;38
435;heuristic;34;135000;1;1;2;2;2;1;1;1;2;1;2;1;1;1;1;1;1;3;2;1;1;1;2;3;2;1;2;1;1;2;0;0;0;0;3;7;2;10;7;13;1;28;15;7;4;5;18;11;16;8;19;18;27;24;19;24;27;29;31;33;30;34
436;heuristic;44;143000;1;2;1;1;1;1;2;2;1;1;2;1;1;1;1;3;1;1;1;1;1;1;1;2;2;1;2;1;3;1;0;3;3;0;11;4;14;12;7;12;19;30;19;17;15;29;19;30;34;25;41;26;23;35;17;28;23;34;42;38;43;44
437;heuristic;49;151000;2;2;3;1;1;1;1;1;2;1;1;2;1;1;1;2;2;1;1;3;1;1;1;1;2;1;1;2;2;1;0;7;0;0;11;9;13;17;22;14;13;20;9;16;18;43;22;30;25;39;32;45;40;45;42;22;47;30;32;46;48;49
438;heuristic;43;159000;2;1;1;3;1;1;1;1;1;3;3;3;1;1;1;3;1;1;1;3;3;1;1;1;1;1;1;1;1;1;0;0;3;0;6;11;8;10;1;7;14;13;13;6;22;11;7;5;23;26;14;26;26;29;35;30;29;36;41;39;36;43
439;heuristic;37;129000;1;1;1;1;1;1;1;3;1;2;2;2;1;2;2;2;2;1;3;3;1;2;1;1;2;1;2;1;2;1;0;0;0;3;10;6;2;4;12;14;18;21;10;9;19;13;19;12;15;3;24;17;21;30;32;25;24;25;33;34;30;37
440;heuristic;38;137000;3;1;1;1;1;1;2;3;1;3;1;1;2;1;1;1;2;1;1;1;2;3;1;3;1;1;1;1;1;1;0;0;0;2;3;5;13;8;11;16;2;8;8;11;22;20;9;21;23;18;18;28;13;28;23;30;33;33;37;30;34;38
441;heuristic;42;147000;2;1;1;1;1;2;1;2;1;3;1;1;1;3;1;1;2;1;1;1;1;1;3;1;1;1;3;3;1;1;0;1;0;0;3;12;3;10;14;8;14;16;12;25;24;10;30;11;32;15;28;29;24;19;20;33;36;30;35;40;40;42
442;heuristic;37;137000;1;3;2;1;1;1;3;1;1;1;1;1;3;1;1;1;2;1;1;3;1;1;1;3;1;1;3;2;1;1;0;0;0;0;2;6;5;11;3;12;4;11;8;10;13;18;20;10;17;19;17;22;20;27;21;33;28;30;29;30;36;37
443;heuristic;33;147000;1;1;1;1;3;2;2;1;1;1;1;1;3;1;1;1;2;3;3;2;3;1;2;1;3;1;1;1;1;3;0;2;0;0;2;19;1;4;11;12;6;15;8;5;12;7;6;15;7;11;19;18;14;25;17;14;29;22;28;30;22;33
444;heuristic;28;134000;3;1;1;1;1;1;2;2;1;2;1;1;2;1;1;1;1;3;1;2;1;1;1;1;2;2;1;2;1;1;0;0;0;0;3;5;3;3;5;17;7;3;13;15;8;9;8;11;13;19;12;23;12;18;15;20;20;20;26;26;23;28
445;heuristic;22;147000;1;2;2;1;1;1;1;2;2;1;1;1;1;1;3;3;1;3;1;1;2;1;1;1;2;2;1;1;1;1;0;0;0;0;1;3;6;4;6;2;7;13;11;4;5;5;1;12;6;10;13;9;10;12;17;12;16;18;19;21;16;22
446;heuristic;30;146000;2;1;1;2;1;1;1;1;2;3;3;1;2;1;1;1;2;1;1;1;2;1;1;1;1;1;2;1;1;1;0;0;0;0;2;6;9;7;8;14;7;9;24;7;18;19;14;11;20;20;11;13;16;21;21;26;23;21;27;27;24;30
447;heuristic;28;139000;1;1;1;1;3;1;1;1;1;3;1;1;1;3;1;1;1;1;1;1;2;1;3;1;2;2;1;1;1;1;0;2;0;0;1;2;18;9;2;4;1;6;13;10;14;13;6;8;20;10;11;15;19;17;14;20;22;20;27;27;26;28
448;heuristic;30;148000;2;1;1;3;1;1;1;1;3;2;2;1;1;2;3;1;1;1;1;2;3;1;1;1;2;2;1;1;1;2;0;0;0;0;1;4;14;5;5;5;7;4;13;15;8;1;13;11;16;15;15;15;13;19;20;23;16;24;29;27;22;30
449;heuristic;39;151000;2;2;1;1;1;1;1;2;2;1;1;1;1;2;2;3;1;1;1;1;1;2;2;1;3;2;1;1;3;1;0;0;3;2;4;6;12;9;11;7;18;10;19;26;20;15;17;22;28;24;29;31;29;25;27;22;28;31;33;30;32;39
450;heuristic;31;154000;2;1;1;1;1;1;3;1;1;1;3;3;1;1;3;3;2;1;1;2;1;2;2;3;3;1;1;1;1;2;0;0;0;1;12;3;4;4;19;7;6;3;20;9;12;11;11;14;20;19;15;23;27;17;21;20;29;24;27;30;25;31
451;heuristic;28;172000;2;1;2;1;1;1;1;3;1;1;1;2;2;1;2;1;1;1;2;1;1;3;1;1;1;1;1;2;2;1;0;0;0;0;1;6;6;11;1;8;6;9;9;6;15;17;11;16;9;17;17;13;18;18;18;14;23;19;25;19;21;28
452;heuristic;29;141000;1;2;2;1;3;2;1;3;1;1;1;1;1;1;1;3;1;2;1;1;1;1;1;1;1;1;1;1;1;1;0;0;0;0;4;5;11;5;9;8;5;8;9;12;21;12;13;15;16;18;21;17;20;22;25;25;24;25;26;28;28;29
453;heuristic;29;160000;1;1;2;1;1;2;1;2;3;1;2;1;1;2;1;3;3;3;3;1;1;2;1;1;2;1;1;1;1;1;0;0;0;2;2;22;2;19;2;7;7;5;15;10;20;8;5;14;17;15;22;21;11;21;11;22;14;17;23;26;25;29
454;heuristic;31;139000;1;1;2;2;3;1;1;3;1;1;1;2;1;1;1;1;2;3;1;2;1;3;1;1;1;1;3;1;1;1;0;0;0;5;4;4;2;8;9;9;2;12;10;13;13;18;11;22;12;13;14;21;19;25;17;25;22;21;28;28;27;31
455;heuristic;28;148000;1;1;1;3;1;1;1;1;1;1;2;1;3;3;3;2;1;1;2;1;2;1;2;1;3;1;1;1;1;1;0;0;0;4;12;7;3;1;6;10;16;25;5;14;18;1;18;16;8;20;13;18;9;12;17;15;21;23;24;24;27;28
456;heuristic;41;152000;2;2;1;1;2;1;2;2;2;3;1;3;1;1;1;2;3;3;2;1;1;2;3;1;2;1;3;1;3;1;0;0;4;6;8;12;11;25;19;8;12;16;24;12;9;12;13;32;16;29;17;22;36;26;33;25;34;29;39;34;39;41
457;heuristic;24;150000;1;2;2;1;1;1;1;1;2;3;1;1;1;1;1;2;3;1;3;1;1;1;1;1;1;3;1;2;3;1;0;0;0;0;2;6;7;8;6;2;2;10;12;9;8;9;9;11;11;6;11;14;13;11;15;18;12;19;19;16;21;24
458;heuristic;25;143000;1;2;1;1;1;3;1;1;2;1;2;1;1;2;3;1;2;2;1;1;3;1;1;1;2;2;3;1;1;1;0;0;0;0;2;4;2;9;2;3;9;10;6;2;5;9;8;10;10;10;6;15;15;18;16;12;23;10;22;19;24;25
459;heuristic;44;131000;1;1;1;1;1;1;1;1;1;1;2;3;2;1;1;1;3;1;3;1;1;3;2;3;1;2;3;2;1;1;0;16;21;0;15;18;2;5;10;12;18;27;13;16;23;23;23;33;24;25;32;33;32;24;23;41;33;30;38;42;40;44
460;heuristic;44;137000;1;1;3;1;1;1;3;2;1;2;3;2;1;2;2;1;3;1;1;1;2;1;1;2;3;1;1;1;1;1;0;3;0;10;6;29;21;10;18;8;20;21;26;26;13;20;23;33;29;20;26;40;29;29;23;30;32;31;39;43;40;44
461;heuristic;27;151000;1;1;2;1;2;3;3;1;1;1;3;1;2;3;2;1;2;1;1;2;1;1;1;1;1;3;1;2;1;3;0;0;4;0;2;2;20;2;8;8;9;9;9;9;10;17;11;13;11;18;19;16;19;17;20;22;13;21;22;23;22;27
462;heuristic;29;136000;1;1;2;2;2;1;3;2;1;1;2;3;2;1;2;1;1;1;1;1;1;1;2;2;2;2;1;1;1;1;0;0;0;0;2;5;7;4;7;12;12;4;15;14;9;12;17;16;16;18;18;20;24;13;22;26;17;21;28;22;28;29
463;heuristic;21;157000;2;1;1;1;2;1;1;1;1;2;3;2;1;1;1;2;1;3;1;2;3;2;1;2;1;1;1;1;1;1;0;0;0;0;2;3;9;3;3;4;3;10;8;6;14;9;15;11;6;15;14;3;12;11;12;15;18;15;17;18;19;21
464;heuristic;31;159000;1;1;3;3;2;1;1;2;3;1;1;3;1;1;1;1;2;3;1;1;1;1;1;1;1;1;1;1;1;2;0;0;0;13;3;10;8;13;3;7;17;3;8;22;17;16;18;18;14;20;19;22;24;24;21;24;27;24;26;28;28;31
465;heuristic;34;146000;2;1;1;3;2;1;1;1;3;1;3;2;1;1;1;2;3;3;1;1;1;1;1;3;2;1;2;3;1;1;0;1;1;0;9;11;6;13;12;6;12;26;13;19;20;20;12;17;16;29;15;18;25;23;17;19;26;25;28;31;26;34
466;heuristic;32;141000;1;1;1;1;2;2;2;2;1;2;2;1;2;3;2;1;1;3;3;2;1;1;1;1;1;1;3;2;1;1;0;0;0;0;1;6;6;3;3;7;10;8;6;10;8;3;14;15;14;8;16;17;22;15;19;28;20;17;24;31;21;32
467;heuristic;29;154000;2;1;1;3;1;1;1;2;1;2;1;1;1;2;1;2;1;1;3;1;2;1;3;1;1;1;1;3;3;1;0;0;0;0;4;3;13;1;4;1;4;2;7;1;13;4;18;18;6;2;8;4;8;11;14;22;14;16;22;21;25;29
468;heuristic;26;156000;3;1;1;1;1;3;1;1;1;3;1;1;3;1;1;3;1;1;1;1;2;1;1;1;3;2;1;3;1;1;0;4;0;2;4;6;9;9;11;3;8;8;12;10;4;13;13;8;9;7;16;15;20;14;18;22;21;19;16;20;25;26
469;heuristic;30;129000;2;1;2;2;1;1;2;1;1;1;2;1;2;1;3;1;3;1;3;2;1;2;1;1;1;2;2;2;1;2;0;0;0;0;1;8;8;4;8;9;11;1;16;11;9;16;1;6;4;9;16;16;18;20;19;19;22;19;23;22;28;30
470;heuristic;29;123000;1;2;1;1;3;2;1;1;1;3;1;1;2;1;1;1;3;2;2;1;3;3;1;1;1;3;2;1;1;1;0;0;2;0;3;4;2;7;7;14;17;10;8;20;6;12;14;9;11;18;15;16;13;19;18;22;15;25;26;27;24;29
471;heuristic;33;144000;1;2;1;1;1;1;1;1;1;2;2;1;2;1;1;1;3;1;1;3;1;3;1;1;3;2;1;1;2;1;0;0;0;0;7;12;7;10;5;14;8;7;5;15;6;12;11;15;14;15;3;15;20;15;20;20;21;27;22;25;29;33
472;heuristic;39;158000;1;1;3;2;2;1;1;2;3;1;1;1;3;1;3;1;1;1;1;2;3;3;1;2;1;1;1;1;2;2;0;0;0;0;1;5;1;10;1;2;12;10;16;2;16;4;22;25;22;22;10;9;25;25;27;29;23;27;34;33;35;39
473;heuristic;30;42000;1;2;3;1;2;1;1;1;1;2;3;1;1;1;3;1;3;1;1;2;1;3;1;2;1;3;1;1;1;1;0;0;0;1;6;4;3;9;7;8;6;6;11;10;12;13;11;14;13;15;16;16;21;17;21;14;18;21;29;29;25;30
474;heuristic;32;44000;1;1;1;3;1;1;1;1;1;3;1;2;1;1;1;1;1;3;2;2;1;1;2;3;1;1;1;1;1;1;0;0;5;0;2;5;11;12;12;17;7;13;20;9;7;21;14;18;13;16;16;18;26;24;14;25;30;21;24;31;31;32
475;heuristic;29;42000;1;1;1;1;2;2;2;1;2;1;1;1;3;2;1;1;1;1;1;2;2;1;2;2;1;1;1;1;1;1;0;1;0;0;5;13;10;18;1;12;2;11;4;4;9;7;7;19;12;16;18;12;21;18;25;19;27;25;28;27;28;29
476;heuristic;29;44000;1;1;1;1;2;1;1;3;1;3;2;1;2;2;1;2;1;1;1;1;1;2;1;1;1;1;1;2;2;1;0;0;0;0;4;3;10;11;3;13;11;1;12;4;13;11;16;15;11;13;4;23;16;22;16;23;21;15;24;23;26;29
477;heuristic;27;44000;1;1;1;1;1;1;1;1;3;1;1;1;1;2;2;2;1;1;2;3;1;1;1;1;1;1;1;2;1;2;0;0;0;0;3;4;4;3;1;7;8;9;8;13;9;9;18;1;17;21;9;21;14;21;9;18;15;25;26;22;22;27
478;heuristic;23;44000;2;2;1;1;1;1;1;1;1;1;1;1;1;1;2;1;2;1;1;2;1;1;2;2;2;2;1;1;2;1;0;0;0;0;1;1;8;2;3;5;9;7;6;3;10;6;19;9;11;3;11;17;12;15;10;19;10;15;19;21;16;23
479;heuristic;27;42000;1;1;1;2;1;1;2;3;1;1;2;1;1;1;1;1;1;1;1;1;2;1;1;1;1;2;2;2;1;1;0;0;0;0;8;1;3;1;9;1;4;4;4;5;9;14;16;16;10;12;14;9;11;17;20;16;18;19;21;24;24;27
480;heuristic;29;44000;1;1;1;3;2;1;3;2;3;1;2;2;1;1;2;1;3;1;3;2;1;1;2;1;2;1;1;1;1;1;0;0;0;0;2;3;2;11;3;4;4;3;8;5;9;5;4;9;9;14;11;24;19;16;21;24;24;21;27;26;27;29
481;heuristic;26;44000;2;1;2;1;1;1;1;1;1;2;1;1;1;1;2;1;1;2;2;2;1;2;1;1;2;1;1;2;1;1;0;0;0;0;3;3;7;4;7;9;10;9;14;14;20;10;12;18;7;12;17;16;16;20;22;18;22;24;22;25;24;26
482;heuristic;32;43000;3;2;2;1;1;1;1;1;1;1;2;1;1;1;1;1;1;2;1;2;2;1;1;3;1;1;1;1;1;2;0;8;9;0;3;3;6;8;18;6;7;10;11;16;15;14;9;23;15;16;21;24;21;25;16;21;30;26;31;27;27;32
483;heuristic;30;43000;2;1;1;1;1;1;1;1;1;1;1;2;1;3;1;1;1;2;1;1;1;1;1;3;1;1;1;3;2;1;0;0;0;0;5;6;1;7;5;1;6;5;3;6;6;7;9;7;12;12;12;19;19;21;10;15;19;20;19;20;23;30
484;heuristic;32;43000;1;1;1;1;1;1;1;2;1;1;1;1;1;1;1;2;1;1;3;1;1;1;1;1;2;1;1;1;1;1;0;2;0;12;4;10;1;2;2;3;7;8;12;13;5;11;14;6;12;18;15;30;13;17;14;18;24;23;25;29;31;32
485;heuristic;31;42000;1;1;1;1;1;1;3;1;1;1;1;1;1;1;2;2;3;3;2;1;2;1;1;1;3;1;1;1;1;1;0;0;0;10;1;2;13;2;4;8;6;15;12;13;15;21;12;19;18;14;16;25;17;25;16;18;23;25;29;28;27;31
486;heuristic;27;42000;2;1;3;1;1;1;3;1;2;1;1;1;1;1;1;1;2;1;2;1;1;1;1;1;2;2;1;1;3;1;0;4;0;0;2;5;2;7;8;20;3;10;8;11;8;5;10;9;12;13;12;19;14;13;20;20;20;24;25;17;26;27
487;heuristic;28;43000;1;2;1;1;1;1;2;1;1;1;1;2;3;1;1;2;1;1;1;2;2;1;1;3;1;1;2;1;2;1;0;0;0;0;6;8;6;13;7;2;8;10;2;6;11;11;15;11;14;16;18;14;15;22;8;6;15;16;24;19;24;28
488;heuristic;24;42000;3;2;1;1;1;1;1;1;3;1;3;3;3;1;1;1;1;1;2;1;1;1;1;1;1;3;1;1;1;1;0;0;0;0;5;6;9;5;8;8;9;5;8;2;7;14;12;13;10;10;11;17;14;17;17;18;14;20;18;21;21;24
489;heuristic;26;43000;1;1;2;1;1;2;1;1;1;1;1;1;1;1;1;1;1;1;2;1;1;2;2;1;1;2;1;1;3;1;0;0;0;0;3;3;3;6;10;12;9;10;14;10;17;14;13;15;15;6;19;16;13;17;20;16;17;21;24;18;24;26
490;heuristic;28;43000;1;1;1;1;2;1;2;2;1;1;1;1;2;2;1;1;1;1;1;2;1;1;1;3;1;1;1;1;1;2;0;3;0;2;3;5;5;15;3;3;18;7;9;19;10;9;7;15;15;11;12;17;19;20;16;21;20;22;26;25;21;28
491;heuristic;30;42000;2;1;1;1;2;1;1;1;1;2;3;2;2;1;1;1;1;2;2;1;1;1;2;1;1;1;1;1;1;1;0;0;3;1;2;5;5;5;3;7;19;12;12;4;10;8;13;10;11;15;17;14;18;18;18;24;20;22;28;26;25;30
492;heuristic;27;42000;1;2;1;1;1;1;1;2;1;2;1;1;2;1;2;1;2;2;2;1;1;1;3;1;1;2;3;1;1;2;0;0;0;0;1;1;5;8;8;3;5;5;13;1;6;10;10;6;8;19;13;15;15;10;16;18;23;12;26;20;19;27
493;heuristic;24;44000;1;1;1;1;1;3;1;1;1;1;1;1;1;3;3;1;1;1;2;2;1;2;1;2;1;1;1;1;1;1;0;1;0;2;1;10;12;3;2;4;3;4;5;6;10;9;9;7;13;21;4;8;18;15;13;20;19;20;23;22;21;24
494;heuristic;23;43000;1;1;1;1;1;1;1;1;1;1;1;1;1;1;3;1;1;2;1;1;3;1;2;1;1;1;1;3;1;1;0;4;6;0;2;15;7;3;7;10;8;10;9;5;11;12;11;10;14;6;12;13;13;15;20;21;20;20;14;22;22;23
495;heuristic;34;42000;1;1;1;1;1;1;3;1;1;2;3;2;2;1;1;1;2;3;1;1;3;2;2;1;1;2;1;2;1;1;0;0;0;1;14;9;1;2;2;1;12;14;6;9;11;12;6;11;20;13;18;14;17;24;24;21;29;20;26;27;33;34
496;heuristic;25;42000;1;1;2;1;2;2;3;1;1;2;1;1;1;3;1;1;1;2;1;1;1;3;1;3;1;1;1;1;3;1;0;0;0;0;1;6;1;1;6;1;1;6;2;9;8;9;8;9;8;12;6;10;6;10;12;12;17;16;17;17;18;25
497;heuristic;28;43000;2;1;2;1;1;1;3;1;1;1;1;1;2;1;1;1;2;1;1;2;2;2;3;1;1;2;1;2;1;1;0;0;0;8;4;6;5;10;2;3;21;5;7;12;24;9;11;13;9;13;7;18;13;15;23;17;18;24;26;26;25;28
498;heuristic;27;43000;1;1;1;1;1;1;1;1;3;1;2;1;1;2;1;1;1;1;1;1;1;1;2;1;3;3;1;1;1;1;0;0;2;1;2;3;6;5;5;11;6;7;13;5;7;12;10;7;11;15;7;15;11;16;12;6;16;16;18;26;20;27
499;heuristic;34;42000;1;2;1;1;1;2;2;1;1;3;1;1;2;2;1;2;2;1;1;1;1;3;1;1;1;3;1;1;1;1;0;10;0;9;2;5;10;7;9;11;13;14;12;14;11;20;12;16;17;18;20;21;20;17;23;28;22;26;27;30;32;34
500;heuristic;26;43000;2;1;3;2;1;1;2;1;3;1;1;2;1;1;1;2;1;1;2;1;1;1;1;1;1;1;1;1;1;2;0;0;0;0;8;8;5;5;10;8;10;5;10;12;17;10;17;12;12;13;16;16;17;15;21;18;21;21;22;24;19;26
501;heuristic;34;44000;2;1;1;1;2;2;3;3;1;1;1;2;1;1;1;2;1;1;1;1;3;1;1;1;1;1;1;2;2;1;0;0;0;0;5;8;8;2;2;5;12;12;15;17;14;12;5;6;17;8;15;18;19;15;22;18;25;13;25;21;30;34
502;heuristic;29;42000;1;3;3;1;1;1;1;1;1;1;1;1;2;1;1;1;1;1;2;1;1;2;2;1;1;1;1;1;1;1;0;0;0;0;4;6;7;6;7;4;10;11;13;7;7;13;17;19;11;5;14;15;11;15;17;4;21;24;25;21;27;29
503;heuristic;22;42000;1;1;1;2;1;1;1;1;1;1;1;1;1;1;1;2;1;2;1;3;1;1;2;3;1;1;2;1;1;1;0;0;0;0;1;2;1;6;6;11;1;2;2;2;8;2;4;5;11;2;11;5;8;12;6;15;18;8;21;15;16;22
504;heuristic;38;42000;2;1;1;2;3;2;1;1;3;1;2;1;1;1;1;1;3;1;1;1;1;1;2;1;1;1;2;2;2;3;0;0;0;0;4;9;4;8;9;2;12;8;12;15;18;16;19;8;21;12;18;20;22;4;24;24;27;19;35;24;24;38
505;heuristic;39;42000;3;1;1;1;1;2;1;1;2;1;1;2;2;1;2;1;2;1;1;1;1;1;2;1;1;1;1;1;1;2;0;0;0;0;4;4;8;8;8;9;11;4;11;11;21;12;15;16;17;19;19;24;24;12;27;32;19;22;23;31;36;39
506;heuristic;23;42000;1;1;1;1;1;2;1;1;2;2;1;2;2;3;1;1;3;2;1;1;3;1;1;2;1;2;2;2;1;1;0;0;0;0;3;1;3;4;5;6;4;1;1;1;5;10;2;5;8;16;8;4;12;16;8;17;20;12;17;22;13;23
507;heuristic;34;43000;1;1;1;1;1;1;3;3;3;3;1;1;3;1;1;2;1;3;2;1;3;1;1;3;1;1;1;2;1;1;0;0;0;0;3;5;7;3;2;13;3;2;2;3;7;3;5;10;11;13;21;15;14;22;22;28;24;25;33;19;33;34
508;heuristic;36;43000;3;1;1;2;1;1;2;1;1;2;1;1;1;2;1;1;3;3;1;1;1;1;1;1;2;3;1;1;1;1;0;0;0;0;10;5;8;8;12;5;9;15;15;19;19;26;28;24;12;24;29;25;29;29;22;22;9;32;33;30;31;36
509;heuristic;25;43000;1;1;1;1;2;1;1;1;3;2;1;1;1;1;1;3;3;3;1;1;1;1;1;1;3;1;1;2;1;1;0;1;0;1;6;10;4;7;3;11;6;5;13;14;8;8;9;13;17;20;15;9;10;14;14;18;21;17;18;23;21;25
510;heuristic;29;42000;1;1;1;1;2;1;1;3;2;1;1;1;1;1;2;2;2;1;3;1;1;2;2;2;1;1;2;1;2;1;0;1;1;0;3;16;5;2;4;4;6;7;5;7;8;10;6;7;10;12;15;19;23;18;10;12;24;21;24;21;26;29
511;heuristic;31;42000;1;1;1;1;2;2;3;2;1;1;2;1;1;2;1;1;1;1;1;2;1;3;2;1;1;1;1;1;1;1;0;0;2;23;3;4;10;8;7;7;12;7;3;15;8;13;11;15;14;13;20;15;17;22;12;26;19;16;27;26;23;31
512;heuristic;23;42000;1;1;1;2;1;1;1;1;1;1;1;1;1;1;2;1;1;1;1;1;1;1;1;1;1;3;1;3;1;1;0;0;0;0;1;3;1;1;7;5;7;6;2;3;8;9;2;7;10;10;9;9;7;13;7;11;16;7;12;9;19;23
513;heuristic;37;44000;1;1;1;1;2;1;1;1;1;1;1;2;1;1;2;2;1;1;3;1;1;1;1;1;1;2;1;1;1;1;0;6;0;0;3;8;5;13;13;14;18;3;8;18;20;27;14;16;19;25;31;19;24;19;23;24;27;29;34;34;36;37
514;heuristic;36;44000;1;1;1;2;1;1;1;1;1;1;1;1;1;1;1;1;1;3;1;1;1;1;2;1;1;1;2;1;1;1;0;0;0;2;3;6;8;8;7;11;4;15;10;11;12;22;25;21;3;18;25;21;20;24;29;28;30;29;34;32;31;36
515;heuristic;39;44000;1;2;1;1;3;1;1;1;1;1;1;1;1;1;1;1;3;1;1;1;1;1;1;2;1;1;1;1;1;1;0;0;0;11;1;4;1;4;5;5;8;8;9;9;15;18;16;15;28;22;21;21;30;30;23;22;28;35;34;32;36;39
516;heuristic;38;44000;1;1;1;1;1;1;1;1;1;1;1;1;1;1;1;1;3;1;1;2;1;1;1;1;1;1;1;2;1;2;0;0;0;0;5;11;6;2;7;7;4;16;27;1;15;6;9;9;12;21;16;21;22;29;20;22;24;29;33;33;32;38
517;heuristic;39;44000;1;1;1;3;1;1;1;3;3;1;2;1;1;1;1;1;3;1;1;1;1;1;1;2;1;1;1;1;1;1;0;2;0;0;5;11;6;5;2;10;12;16;13;11;16;19;18;10;19;24;23;27;26;34;25;29;31;24;35;36;26;39
518;heuristic;35;43000;1;2;2;2;1;1;3;1;3;1;1;1;1;1;1;1;1;2;2;2;1;1;1;1;1;1;1;2;1;2;0;0;0;6;9;12;4;8;17;1;19;9;1;11;10;18;19;17;24;14;19;28;30;28;20;29;25;32;33;32;33;35
519;heuristic;44;44000;1;1;1;1;3;2;2;1;2;1;1;1;1;1;1;1;1;1;2;1;1;1;2;2;1;1;1;1;1;1;0;1;0;6;6;9;9;1;7;17;14;17;16;21;26;14;31;29;33;27;27;34;21;29;29;37;35;38;37;38;41;44
520;heuristic;46;45000;3;1;1;1;1;2;1;1;2;2;1;1;1;1;3;1;1;1;1;2;1;3;1;3;2;1;1;1;1;1;0;0;0;0;7;9;18;11;22;13;20;23;12;11;23;13;26;32;33;25;26;34;23;35;33;34;36;30;39;43;39;46
521;heuristic;44;45000;3;2;1;1;1;3;1;1;1;1;3;1;1;2;1;2;1;1;1;1;1;1;1;1;1;1;3;1;1;1;0;0;0;0;5;6;29;16;8;13;8;10;10;22;17;25;31;26;15;33;26;36;23;39;19;30;40;31;40;42;40;44
522;heuristic;41;44000;2;1;1;1;1;1;1;1;2;2;2;1;1;1;1;2;1;1;1;1;1;1;2;1;2;3;3;1;1;1;0;0;15;0;3;5;8;3;19;9;5;12;12;7;20;23;17;17;24;21;28;33;26;23;32;26;28;27;37;34;38;41
523;heuristic;26;43000;1;1;2;1;2;1;1;1;3;1;1;1;1;1;1;1;1;1;1;1;2;1;1;1;1;1;1;1;1;1;0;0;0;0;1;6;4;7;6;1;8;9;10;11;10;13;9;12;14;17;20;18;19;17;20;23;18;23;24;24;24;26
524;heuristic;33;44000;1;1;1;1;1;1;2;2;1;1;1;1;1;2;1;1;1;1;1;1;1;1;1;1;1;2;1;1;1;1;0;0;0;0;6;7;10;10;5;6;11;15;14;1;12;11;15;16;20;12;24;16;21;25;24;29;25;24;30;26;28;33
525;heuristic;26;44000;1;1;1;1;2;1;1;1;1;1;3;1;2;1;1;1;2;1;2;1;2;2;1;1;1;1;3;1;1;1;0;0;0;0;5;3;5;10;7;7;9;5;14;11;10;12;14;15;20;16;16;15;19;15;14;23;24;16;24;22;25;26
526;heuristic;33;44000;1;1;1;1;2;1;1;1;1;1;1;2;1;3;2;1;1;3;1;1;1;1;2;1;3;2;1;1;2;1;0;0;8;0;2;14;4;1;5;5;6;22;5;11;9;23;10;19;12;14;19;22;19;25;27;9;23;29;30;27;31;33
527;heuristic;42;42000;1;2;2;2;1;1;3;1;2;2;3;1;2;2;1;1;1;3;1;1;2;1;1;1;2;3;2;1;1;2;0;0;4;2;10;5;12;19;9;16;26;11;10;27;24;16;19;20;31;8;21;38;27;23;34;29;28;35;41;41;40;42
528;heuristic;36;44000;1;1;1;2;1;1;1;1;1;1;2;1;1;1;1;1;1;3;1;1;1;2;1;1;1;1;1;1;1;1;0;0;0;0;2;3;19;5;20;8;11;11;13;22;17;14;14;19;19;25;26;27;23;23;24;29;29;30;31;33;17;36
529;heuristic;27;44000;1;1;3;2;1;3;2;1;2;1;1;1;1;1;1;1;1;1;1;1;1;2;1;1;1;1;1;1;1;1;0;0;0;0;2;3;5;5;12;2;5;5;6;12;11;18;17;14;19;20;15;21;21;15;24;17;18;22;25;26;24;27
530;heuristic;38;42000;3;1;1;1;1;1;1;1;1;3;1;2;1;2;2;3;1;2;1;1;1;2;1;1;1;1;1;1;1;2;0;6;0;0;1;2;8;6;10;3;9;14;15;14;25;20;18;13;15;25;28;28;2;19;33;28;32;30;35;33;35;38
531;heuristic;26;43000;1;1;1;2;1;3;1;1;1;1;1;1;1;1;1;2;1;3;2;1;1;1;1;1;2;1;1;1;3;2;0;0;0;0;2;2;12;2;5;6;4;5;6;7;7;8;10;10;6;2;6;14;8;17;20;20;16;20;25;20;23;26
532;heuristic;26;43000;1;1;1;1;1;1;1;3;1;1;1;1;1;1;1;3;1;1;1;1;2;1;1;1;1;1;1;2;1;1;0;0;0;0;2;3;3;15;3;3;5;5;10;6;11;11;12;16;17;7;10;14;11;12;17;20;15;21;20;24;23;26
533;heuristic;29;42000;2;3;1;2;1;1;1;1;1;3;1;2;1;2;2;1;1;3;1;1;1;1;1;1;1;2;1;1;2;1;0;0;0;0;3;3;4;6;14;6;10;4;8;14;16;6;18;8;3;16;16;16;18;21;15;24;22;22;28;24;26;29
534;heuristic;30;42000;1;1;2;1;3;1;2;2;1;2;1;2;2;1;2;3;1;1;3;1;2;1;1;1;2;1;1;1;2;2;0;2;0;0;10;8;4;6;8;12;6;13;5;9;11;7;6;16;15;14;14;15;15;14;19;24;19;24;28;27;22;30
535;heuristic;24;43000;1;1;1;1;2;1;2;1;1;2;1;2;1;2;1;1;1;3;1;1;1;1;1;1;1;1;1;1;3;1;0;0;0;0;1;3;4;3;8;3;3;5;5;7;11;9;1;8;9;12;4;11;13;9;14;18;14;15;18;14;20;24
536;heuristic;31;41000;1;1;1;1;2;1;1;2;1;1;1;1;1;2;1;1;2;1;1;1;1;2;1;3;1;1;2;1;1;1;0;0;1;0;3;5;6;5;3;2;3;27;9;12;6;6;18;7;8;19;15;22;12;15;11;18;20;23;28;24;28;31
537;heuristic;37;42000;1;1;3;3;2;1;1;1;3;1;1;3;1;1;1;2;3;2;2;3;2;2;2;3;2;3;3;2;1;1;0;0;0;0;5;4;4;5;4;11;8;7;15;12;20;20;23;8;22;27;7;16;16;20;25;23;23;27;31;33;35;37
538;heuristic;39;42000;1;1;1;1;1;1;2;2;1;1;1;1;1;3;1;1;1;3;3;2;1;3;3;3;1;1;1;1;1;1;0;0;0;0;3;3;6;4;3;13;6;13;4;18;7;20;10;10;13;5;12;22;21;26;13;21;28;24;30;29;34;39
539;heuristic;26;42000;1;2;2;1;2;1;1;2;1;1;1;2;1;2;1;1;1;1;1;1;1;1;1;1;1;2;1;1;1;2;0;0;0;0;3;3;7;8;4;12;3;8;12;11;2;2;9;13;18;17;19;10;19;21;18;21;13;20;25;22;20;26
540;heuristic;31;42000;1;2;1;1;2;1;1;2;1;2;1;1;2;2;1;1;2;2;1;1;1;2;1;1;2;1;3;1;1;3;0;2;0;5;5;4;4;9;9;13;6;11;14;15;24;14;19;15;17;18;21;23;24;26;27;14;24;26;29;29;27;31
541;heuristic;25;42000;1;1;1;2;1;1;1;1;2;1;1;1;1;1;2;1;2;2;1;1;1;1;2;2;2;1;1;1;1;1;0;0;6;1;3;2;4;9;5;11;11;8;8;7;13;8;16;10;13;16;13;17;5;15;20;20;18;18;24;23;22;25
542;heuristic;27;43000;1;1;1;1;1;1;1;2;1;1;1;1;3;1;1;1;1;1;1;2;1;1;1;2;1;1;1;2;3;1;0;4;0;1;14;2;4;3;9;10;8;6;25;6;13;4;10;19;12;15;22;16;16;20;17;25;17;19;26;19;26;27
543;heuristic;25;43000;1;2;1;1;1;1;1;1;1;1;1;1;1;1;2;1;1;2;1;2;1;2;1;2;1;1;1;1;1;1;0;0;0;0;3;1;4;1;8;1;2;8;8;10;5;13;12;5;9;7;10;13;14;17;10;17;17;18;21;21;19;25
544;heuristic;23;43000;1;1;2;3;2;2;1;1;3;2;1;2;2;1;1;2;1;1;1;1;2;1;1;1;1;1;1;1;1;1;0;4;0;11;8;13;3;3;5;7;6;8;8;8;12;12;14;14;12;13;13;15;16;14;16;17;18;16;20;21;21;23
545;heuristic;34;43000;2;3;1;3;1;1;1;1;1;3;1;2;3;3;1;2;1;3;1;1;1;1;3;3;3;1;1;1;1;1;0;0;0;0;5;14;5;14;6;6;5;18;15;9;8;16;8;8;15;22;23;16;18;18;18;24;21;27;30;22;29;34
546;heuristic;25;43000;1;1;1;2;1;1;1;1;2;1;1;2;3;2;2;1;3;2;2;2;2;1;1;3;1;1;1;1;1;1;0;0;3;6;10;3;4;6;9;18;22;7;8;7;10;17;13;13;4;14;10;10;14;6;14;15;21;21;23;22;23;25
547;heuristic;36;42000;1;3;1;1;2;3;1;1;2;3;2;1;1;2;1;2;2;1;3;1;1;3;2;2;1;2;2;2;1;1;0;0;0;0;2;2;7;5;7;2;7;9;1;9;9;5;17;8;17;15;21;15;17;24;22;30;21;26;8;31;34;36
548;heuristic;29;43000;1;1;1;1;3;1;3;1;1;2;1;3;1;2;1;1;1;1;3;1;2;1;1;2;2;1;1;1;2;1;0;0;0;0;8;5;15;15;23;6;8;2;7;11;18;19;13;16;21;23;23;11;9;19;17;21;17;26;27;24;20;29
549;heuristic;34;42000;2;1;2;1;1;2;3;3;1;1;2;1;2;1;2;1;2;1;2;1;1;1;1;1;1;3;2;3;1;1;0;6;0;6;3;6;12;16;8;30;3;12;13;19;18;6;19;18;16;21;14;22;23;27;29;24;26;24;24;32;30;34
550;heuristic;23;42000;1;2;1;1;3;1;1;1;1;2;1;1;1;1;1;1;1;2;1;1;2;2;1;1;2;1;1;1;1;1;0;0;3;2;5;6;11;13;7;3;4;10;9;3;11;11;13;13;5;12;18;16;15;21;14;16;16;17;22;22;22;23
551;heuristic;31;42000;1;3;2;2;1;1;2;1;1;1;2;1;1;3;2;1;3;1;2;1;3;1;2;1;1;2;1;1;1;2;0;0;1;0;5;13;1;11;18;10;12;15;6;11;11;14;20;11;14;23;17;20;19;18;24;21;26;22;25;29;23;31
552;heuristic;36;43000;2;2;1;1;1;2;3;1;1;3;3;1;2;1;2;1;2;1;2;1;1;1;1;1;1;1;1;2;1;2;0;7;6;0;3;4;8;13;5;7;5;18;24;14;10;27;8;22;11;26;14;15;17;32;20;19;25;28;30;30;33;36
